source_id,name,longitude,latitude,observation_time,wavelength_um,spectral_radiance,spectral_radiance_unit,source
001_g1i003tr_S10_S11_L3_n_converted_spectra_Hi-iaka_Patera_v01,Hi-iaka Patera GP16,79.80000000079997,-3.10000000009,1996-06-28T17:19:21.00Z,0.9924,71.9607,PDS converted spectral_radiance,https://pds-atmospheres.nmsu.edu/PDS/data/PDS4/go_nims_io_rad/data_derived/unresolved_night/converted/001_g1i003tr_S10_S11_L3_n_converted_spectra_Hi-iaka_Patera_v01.csv
002_g1i003tr_S9_S10_L5_n_converted_spectra_Sigurd_Patera_v01,Sigurd Patera GP20,97.40000000060002,-5.9000000003,1996-06-28T17:19:21.00Z,0.9403,87.7744,PDS converted spectral_radiance,https://pds-atmospheres.nmsu.edu/PDS/data/PDS4/go_nims_io_rad/data_derived/unresolved_night/converted/002_g1i003tr_S9_S10_L5_n_converted_spectra_Sigurd_Patera_v01.csv
003_g1i003tr_S12_S13_L5_n_converted_spectra_Gish_Bar_Patera_v01,Gish Bar Patera GP22,89.09999999950003,15.599999999,1996-06-28T17:19:21.00Z,0.9403,24.6983,PDS converted spectral_radiance,https://pds-atmospheres.nmsu.edu/PDS/data/PDS4/go_nims_io_rad/data_derived/unresolved_night/converted/003_g1i003tr_S12_S13_L5_n_converted_spectra_Gish_Bar_Patera_v01.csv
004_g1i003tr_S13_S14_L5_n_converted_spectra_Zal_Patera_v01,Zal Patera GP15,74.8999999971,40.5000000023,1996-06-28T17:19:21.00Z,0.9403,61.5036,PDS converted spectral_radiance,https://pds-atmospheres.nmsu.edu/PDS/data/PDS4/go_nims_io_rad/data_derived/unresolved_night/converted/004_g1i003tr_S13_S14_L5_n_converted_spectra_Zal_Patera_v01.csv
005_g1i003tr_S12_S13_L7_n_converted_spectra_Monan_Patera_v01,Monan Patera GP23,103.79999999699999,20.3000000036,1996-06-28T17:19:21.00Z,0.9403,20.4257,PDS converted spectral_radiance,https://pds-atmospheres.nmsu.edu/PDS/data/PDS4/go_nims_io_rad/data_derived/unresolved_night/converted/005_g1i003tr_S12_S13_L7_n_converted_spectra_Monan_Patera_v01.csv
006_g1i003tr_S12_S13_L9_n_converted_spectra_Amirani_v01,Amirani GP9,116.300000001,23.1999999989,1996-06-28T17:19:21.00Z,0.9729,26.1578,PDS converted spectral_radiance,https://pds-atmospheres.nmsu.edu/PDS/data/PDS4/go_nims_io_rad/data_derived/unresolved_night/converted/006_g1i003tr_S12_S13_L9_n_converted_spectra_Amirani_v01.csv
007_g1i003tr_S7_S8_L10_n_converted_spectra_Malik_Patera_v01,Malik Patera GP20,128.999999999,-33.9999999998,1996-06-28T17:19:21.00Z,0.9924,23.1201,PDS converted spectral_radiance,https://pds-atmospheres.nmsu.edu/PDS/data/PDS4/go_nims_io_rad/data_derived/unresolved_night/converted/007_g1i003tr_S7_S8_L10_n_converted_spectra_Malik_Patera_v01.csv
008_g1i003tr_S12_S13_L10_n_converted_spectra_Maui_Patera_v01,Maui Patera GP4,123.79999999899997,16.2000000006,1996-06-28T17:19:21.00Z,0.9207,14.3785,PDS converted spectral_radiance,https://pds-atmospheres.nmsu.edu/PDS/data/PDS4/go_nims_io_rad/data_derived/unresolved_night/converted/008_g1i003tr_S12_S13_L10_n_converted_spectra_Maui_Patera_v01.csv
009_g1i003tr_S8_S9_L11_n_converted_spectra_Tupan_Patera_v01,Tupan Patera GP22,140.999999999,-18.9999999967,1996-06-28T17:19:21.00Z,0.9859,23.1354,PDS converted spectral_radiance,https://pds-atmospheres.nmsu.edu/PDS/data/PDS4/go_nims_io_rad/data_derived/unresolved_night/converted/009_g1i003tr_S8_S9_L11_n_converted_spectra_Tupan_Patera_v01.csv
010_g1i003tr_S11_S12_L12_n_converted_spectra_Arinna_Fluctus_v01,Arinna Fluctus GP4,146.999999999,32.0000000022,1996-06-28T17:19:21.00Z,1.4629,49.4247,PDS converted spectral_radiance,https://pds-atmospheres.nmsu.edu/PDS/data/PDS4/go_nims_io_rad/data_derived/unresolved_night/converted/010_g1i003tr_S11_S12_L12_n_converted_spectra_Arinna_Fluctus_v01.csv
011_g1i003tr_S10_S11_L14_n_converted_spectra_Prometheus_v01,Prometheus GP21,153.0,0.500000003048,1996-06-28T17:19:21.00Z,0.9468,86.6692,PDS converted spectral_radiance,https://pds-atmospheres.nmsu.edu/PDS/data/PDS4/go_nims_io_rad/data_derived/unresolved_night/converted/011_g1i003tr_S10_S11_L14_n_converted_spectra_Prometheus_v01.csv
012_g1i003tr_S8_S9_L15_n_converted_spectra_Culann_v01,Culann GP6,161.5,19.9000000011,1996-06-28T17:19:21.00Z,0.8337,33.4063,PDS converted spectral_radiance,https://pds-atmospheres.nmsu.edu/PDS/data/PDS4/go_nims_io_rad/data_derived/unresolved_night/converted/012_g1i003tr_S8_S9_L15_n_converted_spectra_Culann_v01.csv
013_g1i003tr_S11_S12_L16_n_converted_spectra_Zamama_v01,Zamama GP20,174.0,18.0000000011,1996-06-28T17:19:21.00Z,1.0938,52.8863,PDS converted spectral_radiance,https://pds-atmospheres.nmsu.edu/PDS/data/PDS4/go_nims_io_rad/data_derived/unresolved_night/converted/013_g1i003tr_S11_S12_L16_n_converted_spectra_Zamama_v01.csv
014_g1i003tr_S7_S8_L7_n_converted_spectra_Altjirra_v01,Altjirra GP24,108.0,-34.9999999995,1996-06-28T17:19:21.00Z,1.1457,41.7092,PDS converted spectral_radiance,https://pds-atmospheres.nmsu.edu/PDS/data/PDS4/go_nims_io_rad/data_derived/unresolved_night/converted/014_g1i003tr_S7_S8_L7_n_converted_spectra_Altjirra_v01.csv
015_g2i006tr_S9_S10_L3_n_converted_spectra_Reiden_Patera_region_v01,Reiden Patera region,-124.00000000199998,-13.0000000004,1996-09-07T21:32:35.00Z,5.2101,74.4149,PDS converted spectral_radiance,https://pds-atmospheres.nmsu.edu/PDS/data/PDS4/go_nims_io_rad/data_derived/unresolved_night/converted/015_g2i006tr_S9_S10_L3_n_converted_spectra_Reiden_Patera_region_v01.csv
016_g2i007tr_S10_S11_L2_n_converted_spectra_Pele_and_Reiden_Patera_v01,Pele and Reiden Patera,-124.00000000199998,-13.0000000004,1996-09-07T22:24:09.00Z,2.948,71.3045,PDS converted spectral_radiance,https://pds-atmospheres.nmsu.edu/PDS/data/PDS4/go_nims_io_rad/data_derived/unresolved_night/converted/016_g2i007tr_S10_S11_L2_n_converted_spectra_Pele_and_Reiden_Patera_v01.csv
017_g2i007tr_S10_S11_L3_n_converted_spectra_Pele_and_Reiden_Patera_v01,Pele and Reiden Patera,-124.00000000199998,-13.0000000004,1996-09-07T22:24:09.00Z,5.2101,83.4494,PDS converted spectral_radiance,https://pds-atmospheres.nmsu.edu/PDS/data/PDS4/go_nims_io_rad/data_derived/unresolved_night/converted/017_g2i007tr_S10_S11_L3_n_converted_spectra_Pele_and_Reiden_Patera_v01.csv
018_g2i008tr_S10_S11_L2_n_converted_spectra_Pele_and_Reiden_Patera_v01,Pele and Reiden Patera,-124.00000000199998,-13.0000000004,1996-09-07T23:24:49.00Z,5.2101,57.4948,PDS converted spectral_radiance,https://pds-atmospheres.nmsu.edu/PDS/data/PDS4/go_nims_io_rad/data_derived/unresolved_night/converted/018_g2i008tr_S10_S11_L2_n_converted_spectra_Pele_and_Reiden_Patera_v01.csv
019_g2i008tr_S10_S11_L3_n_converted_spectra_Reiden_Patera_region_v01,Reiden Patera region,-124.00000000199998,-13.0000000004,1996-09-07T23:24:49.00Z,5.2101,73.9501,PDS converted spectral_radiance,https://pds-atmospheres.nmsu.edu/PDS/data/PDS4/go_nims_io_rad/data_derived/unresolved_night/converted/019_g2i008tr_S10_S11_L3_n_converted_spectra_Reiden_Patera_region_v01.csv
020_g2i009tr_S10_S11_L3_n_converted_spectra_Pele_and_Reiden_Patera_v01,Pele and Reiden Patera,-124.00000000199998,-13.0000000004,1996-09-08T00:39:38.00Z,5.2101,72.8785,PDS converted spectral_radiance,https://pds-atmospheres.nmsu.edu/PDS/data/PDS4/go_nims_io_rad/data_derived/unresolved_night/converted/020_g2i009tr_S10_S11_L3_n_converted_spectra_Pele_and_Reiden_Patera_v01.csv
021_g2i010tr_S7_S8_L1_n_converted_spectra_Babbar_Patera_region_v01,Babbar Patera region,-88.20000000099998,-39.3999999989,1996-09-08T03:10:17.00Z,5.2101,96.0211,PDS converted spectral_radiance,https://pds-atmospheres.nmsu.edu/PDS/data/PDS4/go_nims_io_rad/data_derived/unresolved_night/converted/021_g2i010tr_S7_S8_L1_n_converted_spectra_Babbar_Patera_region_v01.csv
022_g2i010tr_S8_S9_L2_n_converted_spectra_Pele_and_Reiden_Patera_v01,Pele and Reiden Patera,-124.00000000199998,-13.0000000004,1996-09-08T03:10:17.00Z,2.3821,48.4098,PDS converted spectral_radiance,https://pds-atmospheres.nmsu.edu/PDS/data/PDS4/go_nims_io_rad/data_derived/unresolved_night/converted/022_g2i010tr_S8_S9_L2_n_converted_spectra_Pele_and_Reiden_Patera_v01.csv
023_g2i010tr_S8_S9_L3_n_converted_spectra_Reiden_Patera_region_v01,Reiden Patera region,-124.00000000199998,-13.0000000004,1996-09-08T03:10:17.00Z,5.2101,124.515,PDS converted spectral_radiance,https://pds-atmospheres.nmsu.edu/PDS/data/PDS4/go_nims_io_rad/data_derived/unresolved_night/converted/023_g2i010tr_S8_S9_L3_n_converted_spectra_Reiden_Patera_region_v01.csv
024_g2i011tr_S7_S8_L1_n_converted_spectra_Babbar_Patera_region_v01,Babbar Patera region,-88.20000000099998,-39.3999999989,1996-09-08T05:18:42.00Z,5.2101,103.887,PDS converted spectral_radiance,https://pds-atmospheres.nmsu.edu/PDS/data/PDS4/go_nims_io_rad/data_derived/unresolved_night/converted/024_g2i011tr_S7_S8_L1_n_converted_spectra_Babbar_Patera_region_v01.csv
025_g2i011tr_S8_S9_L2_n_converted_spectra_Pele_and_Reiden_Patera_v01,Pele and Reiden Patera,-124.00000000199998,-13.0000000004,1996-09-08T05:18:42.00Z,4.6453,35.8905,PDS converted spectral_radiance,https://pds-atmospheres.nmsu.edu/PDS/data/PDS4/go_nims_io_rad/data_derived/unresolved_night/converted/025_g2i011tr_S8_S9_L2_n_converted_spectra_Pele_and_Reiden_Patera_v01.csv
026_c3i002tr_S5_S6_L48_n_converted_spectra_Maui_v01,Maui GP24,123.79999999899997,16.2000000006,1996-11-06T11:52:36.00Z,0.9599,243.653,PDS converted spectral_radiance,https://pds-atmospheres.nmsu.edu/PDS/data/PDS4/go_nims_io_rad/data_derived/unresolved_night/converted/026_c3i002tr_S5_S6_L48_n_converted_spectra_Maui_v01.csv
027_c3i002tr_S6_S7_L48_n_converted_spectra_Amirani_-_Maui_region_v01,Amirani - Maui region GP24,116.300000001,23.1999999989,1996-11-06T11:52:36.00Z,0.9859,251.193,PDS converted spectral_radiance,https://pds-atmospheres.nmsu.edu/PDS/data/PDS4/go_nims_io_rad/data_derived/unresolved_night/converted/027_c3i002tr_S6_S7_L48_n_converted_spectra_Amirani_-_Maui_region_v01.csv
028_c3i002tr_S7_S8_L96_n_converted_spectra_Malik_Patera_v01,Malik Patera,128.999999999,-33.9999999998,1996-11-06T11:52:36.00Z,0.9533,150.853,PDS converted spectral_radiance,https://pds-atmospheres.nmsu.edu/PDS/data/PDS4/go_nims_io_rad/data_derived/unresolved_night/converted/028_c3i002tr_S7_S8_L96_n_converted_spectra_Malik_Patera_v01.csv
029_e4i002tr_S15_S16_L17_n_converted_spectra_Hi-iaka_Patera_v01,Hi-iaka Patera,79.80000000079997,-3.10000000009,1996-12-17T19:14:21.00Z,5.2101,110.081,PDS converted spectral_radiance,https://pds-atmospheres.nmsu.edu/PDS/data/PDS4/go_nims_io_rad/data_derived/unresolved_night/converted/029_e4i002tr_S15_S16_L17_n_converted_spectra_Hi-iaka_Patera_v01.csv
030_e4i002tr_S15_S16_L19_n_converted_spectra_Sigurd_Patera_v01,Sigurd Patera,97.40000000060002,-5.9000000003,1996-12-17T19:14:21.00Z,5.2101,135.11,PDS converted spectral_radiance,https://pds-atmospheres.nmsu.edu/PDS/data/PDS4/go_nims_io_rad/data_derived/unresolved_night/converted/030_e4i002tr_S15_S16_L19_n_converted_spectra_Sigurd_Patera_v01.csv
031_e4i003tr_S16_S17_L15_n_converted_spectra_Hi-iaka_Patera_v01,Hi-iaka Patera,79.80000000079997,-3.10000000009,1996-12-17T19:16:14.00Z,5.2101,116.288,PDS converted spectral_radiance,https://pds-atmospheres.nmsu.edu/PDS/data/PDS4/go_nims_io_rad/data_derived/unresolved_night/converted/031_e4i003tr_S16_S17_L15_n_converted_spectra_Hi-iaka_Patera_v01.csv
032_e4i003tr_S15_S16_L18_n_converted_spectra_Sigurd_Patera_v01,Sigurd Patera,97.40000000060002,-5.9000000003,1996-12-17T19:16:14.00Z,5.2101,129.124,PDS converted spectral_radiance,https://pds-atmospheres.nmsu.edu/PDS/data/PDS4/go_nims_io_rad/data_derived/unresolved_night/converted/032_e4i003tr_S15_S16_L18_n_converted_spectra_Sigurd_Patera_v01.csv
033_e4i010tr_S16_S17_L11_n_converted_spectra_Hi-iaka_region_v01,Hi-iaka region,79.80000000079997,-3.10000000009,1996-12-17T21:27:58.00Z,5.2101,99.1831,PDS converted spectral_radiance,https://pds-atmospheres.nmsu.edu/PDS/data/PDS4/go_nims_io_rad/data_derived/unresolved_night/converted/033_e4i010tr_S16_S17_L11_n_converted_spectra_Hi-iaka_region_v01.csv
034_e4i010tr_S15_S16_L13_n_converted_spectra_Emakong_Patera_v01,Emakong Patera,119.99999999900001,-3.00000000055,1996-12-17T21:27:58.00Z,5.2101,256.302,PDS converted spectral_radiance,https://pds-atmospheres.nmsu.edu/PDS/data/PDS4/go_nims_io_rad/data_derived/unresolved_night/converted/034_e4i010tr_S15_S16_L13_n_converted_spectra_Emakong_Patera_v01.csv
035_e4i011tr_S16_S17_L17_n_converted_spectra_Hi-iaka_Patera_v01,Hi-iaka Patera,79.80000000079997,-3.10000000009,1996-12-17T21:28:41.00Z,1.2626,151.7,PDS converted spectral_radiance,https://pds-atmospheres.nmsu.edu/PDS/data/PDS4/go_nims_io_rad/data_derived/unresolved_night/converted/035_e4i011tr_S16_S17_L17_n_converted_spectra_Hi-iaka_Patera_v01.csv
036_e4i011tr_S15_S16_L21_n_converted_spectra_Emakong_region_-_no_backplanes_v01,Emakong region - no backplanes,119.99999999900001,-3.00000000055,1996-12-17T21:28:41.00Z,1.2626,568.956,PDS converted spectral_radiance,https://pds-atmospheres.nmsu.edu/PDS/data/PDS4/go_nims_io_rad/data_derived/unresolved_night/converted/036_e4i011tr_S15_S16_L21_n_converted_spectra_Emakong_region_-_no_backplanes_v01.csv
038_e4i004tr_S8_S9_L11_n_converted_spectra_Pele_v01,Pele,-104.300000001,-18.3999999995,1996-12-19T13:38:45.00Z,2.3821,73.0861,PDS converted spectral_radiance,https://pds-atmospheres.nmsu.edu/PDS/data/PDS4/go_nims_io_rad/data_derived/unresolved_night/converted/038_e4i004tr_S8_S9_L11_n_converted_spectra_Pele_v01.csv
039_e4i005tr_S8_S9_L18_n_converted_spectra_Pele_v01,Pele,-104.300000001,-18.3999999995,1996-12-19T13:39:19.00Z,0.8403,77.2223,PDS converted spectral_radiance,https://pds-atmospheres.nmsu.edu/PDS/data/PDS4/go_nims_io_rad/data_derived/unresolved_night/converted/039_e4i005tr_S8_S9_L18_n_converted_spectra_Pele_v01.csv
041_e4i006tr_S12_S13_L12_n_converted_spectra_Mulungu_Patera-Susanoo_Patera_region_v01,Mulungu Patera-Susanoo Patera region,-142.5,17.2000000004,1996-12-19T13:40:20.00Z,5.2101,18.2793,PDS converted spectral_radiance,https://pds-atmospheres.nmsu.edu/PDS/data/PDS4/go_nims_io_rad/data_derived/unresolved_night/converted/041_e4i006tr_S12_S13_L12_n_converted_spectra_Mulungu_Patera-Susanoo_Patera_region_v01.csv
042_e4i006tr_S9_S10_L14_n_converted_spectra_Pillan_v01,Pillan,-116.0,-11.9999999984,1996-12-19T13:40:20.00Z,0.8403,58.1955,PDS converted spectral_radiance,https://pds-atmospheres.nmsu.edu/PDS/data/PDS4/go_nims_io_rad/data_derived/unresolved_night/converted/042_e4i006tr_S9_S10_L14_n_converted_spectra_Pillan_v01.csv
043_e4i006tr_S9_S10_L16_n_converted_spectra_Pele_v01,Pele,-104.300000001,-18.3999999995,1996-12-19T13:40:20.00Z,1.8197,95.4627,PDS converted spectral_radiance,https://pds-atmospheres.nmsu.edu/PDS/data/PDS4/go_nims_io_rad/data_derived/unresolved_night/converted/043_e4i006tr_S9_S10_L16_n_converted_spectra_Pele_v01.csv
044_e4i006tr_S8_S9_L10_n_converted_spectra_Marduk_Fluctus-Rata_Patera_region_v01,Marduk Fluctus-Rata Patera region,-160.80000000300004,-35.1999999986,1996-12-19T13:40:20.00Z,4.3612,16.7488,PDS converted spectral_radiance,https://pds-atmospheres.nmsu.edu/PDS/data/PDS4/go_nims_io_rad/data_derived/unresolved_night/converted/044_e4i006tr_S8_S9_L10_n_converted_spectra_Marduk_Fluctus-Rata_Patera_region_v01.csv
045_e4i017tr_S8_S9_L17_n_converted_spectra_Pele_v01,Pele,-104.300000001,-18.3999999995,1996-12-19T15:56:15.00Z,2.948,69.2628,PDS converted spectral_radiance,https://pds-atmospheres.nmsu.edu/PDS/data/PDS4/go_nims_io_rad/data_derived/unresolved_night/converted/045_e4i017tr_S8_S9_L17_n_converted_spectra_Pele_v01.csv
046_e4i017tr_S9_S10_L1_n_converted_spectra_Marduk_Fluctus_region_v01,Marduk Fluctus region,-150.10000000000002,-28.3999999971,1996-12-19T15:56:15.00Z,0.8403,601.712,PDS converted spectral_radiance,https://pds-atmospheres.nmsu.edu/PDS/data/PDS4/go_nims_io_rad/data_derived/unresolved_night/converted/046_e4i017tr_S9_S10_L1_n_converted_spectra_Marduk_Fluctus_region_v01.csv
047_e4i017tr_S13_S14_L22_n_converted_spectra_Dazhbog_P.-Kinich_Ahau_P._region_v01,Dazhbog P.-Kinich Ahau P. region,-58.50000000199998,55.1000000006,1996-12-19T15:56:15.00Z,5.2101,58.434,PDS converted spectral_radiance,https://pds-atmospheres.nmsu.edu/PDS/data/PDS4/go_nims_io_rad/data_derived/unresolved_night/converted/047_e4i017tr_S13_S14_L22_n_converted_spectra_Dazhbog_P.-Kinich_Ahau_P._region_v01.csv
048_e4i017tr_S7_S8_L22_n_converted_spectra_Aten_P.-_Rarog_P._region_v01,Aten P.- Rarog P. region,-55.10000000100001,-41.4000000007,1996-12-19T15:56:15.00Z,5.2101,36.9678,PDS converted spectral_radiance,https://pds-atmospheres.nmsu.edu/PDS/data/PDS4/go_nims_io_rad/data_derived/unresolved_night/converted/048_e4i017tr_S7_S8_L22_n_converted_spectra_Aten_P.-_Rarog_P._region_v01.csv
049_e4i017tr_S12_S13_L24_n_converted_spectra_Loki_Patera_v01,Loki Patera,-51.20000000099998,12.6999999992,1996-12-19T15:56:15.00Z,5.2101,191.212,PDS converted spectral_radiance,https://pds-atmospheres.nmsu.edu/PDS/data/PDS4/go_nims_io_rad/data_derived/unresolved_night/converted/049_e4i017tr_S12_S13_L24_n_converted_spectra_Loki_Patera_v01.csv
050_e4i018tr_S8_S9_L17_n_converted_spectra_Pele_v01,Pele,-104.300000001,-18.3999999995,1996-12-19T15:57:25.00Z,2.3821,82.832,PDS converted spectral_radiance,https://pds-atmospheres.nmsu.edu/PDS/data/PDS4/go_nims_io_rad/data_derived/unresolved_night/converted/050_e4i018tr_S8_S9_L17_n_converted_spectra_Pele_v01.csv
051_e4i018tr_S8_S9_L21_n_converted_spectra_Ulgen_Patera_v01,Ulgen Patera,-72.30000000000001,-40.4000000009,1996-12-19T15:57:25.00Z,5.2101,19.6989,PDS converted spectral_radiance,https://pds-atmospheres.nmsu.edu/PDS/data/PDS4/go_nims_io_rad/data_derived/unresolved_night/converted/051_e4i018tr_S8_S9_L21_n_converted_spectra_Ulgen_Patera_v01.csv
052_e4i018tr_S12_S13_L24_n_converted_spectra_Loki_Patera_v01,Loki Patera,-51.20000000099998,12.6999999992,1996-12-19T15:57:25.00Z,5.2101,207.917,PDS converted spectral_radiance,https://pds-atmospheres.nmsu.edu/PDS/data/PDS4/go_nims_io_rad/data_derived/unresolved_night/converted/052_e4i018tr_S12_S13_L24_n_converted_spectra_Loki_Patera_v01.csv
053_e4i018tr_S14_S15_L21_n_converted_spectra_Dazhbog_Patera_v01,Dazhbog Patera,-58.50000000199998,55.1000000006,1996-12-19T15:57:25.00Z,5.2101,34.4465,PDS converted spectral_radiance,https://pds-atmospheres.nmsu.edu/PDS/data/PDS4/go_nims_io_rad/data_derived/unresolved_night/converted/053_e4i018tr_S14_S15_L21_n_converted_spectra_Dazhbog_Patera_v01.csv
054_e4i018tr_S9_S10_L1_n_converted_spectra_Marduk_Fluctus_region_v01,Marduk Fluctus region,-150.10000000000002,-28.3999999971,1996-12-19T15:57:25.00Z,2.3821,244.216,PDS converted spectral_radiance,https://pds-atmospheres.nmsu.edu/PDS/data/PDS4/go_nims_io_rad/data_derived/unresolved_night/converted/054_e4i018tr_S9_S10_L1_n_converted_spectra_Marduk_Fluctus_region_v01.csv
055_e4i019tr_S9_S10_L17_n_converted_spectra_Pele_v01,Pele,-104.300000001,-18.3999999995,1996-12-19T15:58:34.00Z,2.3821,70.1033,PDS converted spectral_radiance,https://pds-atmospheres.nmsu.edu/PDS/data/PDS4/go_nims_io_rad/data_derived/unresolved_night/converted/055_e4i019tr_S9_S10_L17_n_converted_spectra_Pele_v01.csv
056_e4i019tr_S12_S13_L23_n_converted_spectra_Loki_Patera_v01,Loki Patera,-51.20000000099998,12.6999999992,1996-12-19T15:58:34.00Z,5.2101,169.785,PDS converted spectral_radiance,https://pds-atmospheres.nmsu.edu/PDS/data/PDS4/go_nims_io_rad/data_derived/unresolved_night/converted/056_e4i019tr_S12_S13_L23_n_converted_spectra_Loki_Patera_v01.csv
057_e4i019tr_S13_S14_L22_n_converted_spectra_Dazhbog-Amaterasu_P._region_v01,Dazhbog-Amaterasu P. region,-58.50000000199998,55.1000000006,1996-12-19T15:58:34.00Z,5.2101,35.978,PDS converted spectral_radiance,https://pds-atmospheres.nmsu.edu/PDS/data/PDS4/go_nims_io_rad/data_derived/unresolved_night/converted/057_e4i019tr_S13_S14_L22_n_converted_spectra_Dazhbog-Amaterasu_P._region_v01.csv
058_e4i019tr_S9_S10_L1_n_converted_spectra_Marduk_Fluctus_region_v01,Marduk Fluctus region,-150.10000000000002,-28.3999999971,1996-12-19T15:58:34.00Z,1.8197,76.6379,PDS converted spectral_radiance,https://pds-atmospheres.nmsu.edu/PDS/data/PDS4/go_nims_io_rad/data_derived/unresolved_night/converted/058_e4i019tr_S9_S10_L1_n_converted_spectra_Marduk_Fluctus_region_v01.csv
059_e4i019tr_S8_S9_L22_n_converted_spectra_Aten_Patera_region_v01,Aten Patera region,-49.5,-48.1999999977,1996-12-19T15:58:34.00Z,5.2101,27.4442,PDS converted spectral_radiance,https://pds-atmospheres.nmsu.edu/PDS/data/PDS4/go_nims_io_rad/data_derived/unresolved_night/converted/059_e4i019tr_S8_S9_L22_n_converted_spectra_Aten_Patera_region_v01.csv
061_e4i020tr_S12_S13_L14_n_converted_spectra_Girru-Susanoo_region_v01,Girru-Susanoo region,-140.7,22.3000000032,1996-12-19T15:59:43.00Z,5.2101,38.621,PDS converted spectral_radiance,https://pds-atmospheres.nmsu.edu/PDS/data/PDS4/go_nims_io_rad/data_derived/unresolved_night/converted/061_e4i020tr_S12_S13_L14_n_converted_spectra_Girru-Susanoo_region_v01.csv
062_e4i020tr_S8_S9_L17_n_converted_spectra_Pele_v01,Pele,-104.300000001,-18.3999999995,1996-12-19T15:59:43.00Z,2.3821,80.4878,PDS converted spectral_radiance,https://pds-atmospheres.nmsu.edu/PDS/data/PDS4/go_nims_io_rad/data_derived/unresolved_night/converted/062_e4i020tr_S8_S9_L17_n_converted_spectra_Pele_v01.csv
063_e4i020tr_S7_S8_L22_n_converted_spectra_Aten_P.-_Ulgen_P._region_v01,Aten P.- Ulgen P. region,-72.30000000000001,-40.4000000009,1996-12-19T15:59:43.00Z,1.2626,26.8302,PDS converted spectral_radiance,https://pds-atmospheres.nmsu.edu/PDS/data/PDS4/go_nims_io_rad/data_derived/unresolved_night/converted/063_e4i020tr_S7_S8_L22_n_converted_spectra_Aten_P.-_Ulgen_P._region_v01.csv
064_e4i020tr_S13_S14_L22_n_converted_spectra_Dazhbog_Patera_v01,Dazhbog Patera,-58.50000000199998,55.1000000006,1996-12-19T15:59:43.00Z,5.2101,39.5808,PDS converted spectral_radiance,https://pds-atmospheres.nmsu.edu/PDS/data/PDS4/go_nims_io_rad/data_derived/unresolved_night/converted/064_e4i020tr_S13_S14_L22_n_converted_spectra_Dazhbog_Patera_v01.csv
065_e4i020tr_S12_S13_L24_n_converted_spectra_Loki_Patera_v01,Loki Patera,-51.20000000099998,12.6999999992,1996-12-19T15:59:43.00Z,5.2101,189.781,PDS converted spectral_radiance,https://pds-atmospheres.nmsu.edu/PDS/data/PDS4/go_nims_io_rad/data_derived/unresolved_night/converted/065_e4i020tr_S12_S13_L24_n_converted_spectra_Loki_Patera_v01.csv
066_e4i021tr_S8_S9_L17_n_converted_spectra_Pele_v01,Pele,-104.300000001,-18.3999999995,1996-12-19T16:00:53.00Z,2.3821,70.8197,PDS converted spectral_radiance,https://pds-atmospheres.nmsu.edu/PDS/data/PDS4/go_nims_io_rad/data_derived/unresolved_night/converted/066_e4i021tr_S8_S9_L17_n_converted_spectra_Pele_v01.csv
067_e4i022tr_S9_S10_L17_n_converted_spectra_Pele_v01,Pele,-104.300000001,-18.3999999995,1996-12-19T16:02:02.00Z,2.3821,74.3317,PDS converted spectral_radiance,https://pds-atmospheres.nmsu.edu/PDS/data/PDS4/go_nims_io_rad/data_derived/unresolved_night/converted/067_e4i022tr_S9_S10_L17_n_converted_spectra_Pele_v01.csv
068_e4i023tr_S8_S9_L18_n_converted_spectra_Pele_v01,Pele,-104.300000001,-18.3999999995,1996-12-19T16:03:11.00Z,2.948,66.7179,PDS converted spectral_radiance,https://pds-atmospheres.nmsu.edu/PDS/data/PDS4/go_nims_io_rad/data_derived/unresolved_night/converted/068_e4i023tr_S8_S9_L18_n_converted_spectra_Pele_v01.csv
069_e4i024tr_S9_S10_L17_n_converted_spectra_Pele_v01,Pele,-104.300000001,-18.3999999995,1996-12-19T16:04:03.00Z,2.948,73.5862,PDS converted spectral_radiance,https://pds-atmospheres.nmsu.edu/PDS/data/PDS4/go_nims_io_rad/data_derived/unresolved_night/converted/069_e4i024tr_S9_S10_L17_n_converted_spectra_Pele_v01.csv
070_e4i025tr_S9_S10_L2_n_converted_spectra_Marduk_Fluctus_region_v01,Marduk Fluctus region,-150.10000000000002,-28.3999999971,1996-12-19T16:21:41.00Z,1.2626,103.349,PDS converted spectral_radiance,https://pds-atmospheres.nmsu.edu/PDS/data/PDS4/go_nims_io_rad/data_derived/unresolved_night/converted/070_e4i025tr_S9_S10_L2_n_converted_spectra_Marduk_Fluctus_region_v01.csv
071_e4i025tr_S9_S10_L6_n_converted_spectra_Pele_v01,Pele,-104.300000001,-18.3999999995,1996-12-19T16:21:41.00Z,2.3821,61.1299,PDS converted spectral_radiance,https://pds-atmospheres.nmsu.edu/PDS/data/PDS4/go_nims_io_rad/data_derived/unresolved_night/converted/071_e4i025tr_S9_S10_L6_n_converted_spectra_Pele_v01.csv
072_e4i026tr_S9_S10_L13_n_converted_spectra_Pele_v01,Pele,-104.300000001,-18.3999999995,1996-12-19T16:22:24.00Z,2.3821,73.237,PDS converted spectral_radiance,https://pds-atmospheres.nmsu.edu/PDS/data/PDS4/go_nims_io_rad/data_derived/unresolved_night/converted/072_e4i026tr_S9_S10_L13_n_converted_spectra_Pele_v01.csv
073_e4i027tr_S9_S10_L21_n_converted_spectra_Pele_v01,Pele,-104.300000001,-18.3999999995,1996-12-19T16:22:59.00Z,2.3821,77.7369,PDS converted spectral_radiance,https://pds-atmospheres.nmsu.edu/PDS/data/PDS4/go_nims_io_rad/data_derived/unresolved_night/converted/073_e4i027tr_S9_S10_L21_n_converted_spectra_Pele_v01.csv
074_e6i005tr_S5_S6_L1_n_converted_spectra_Reiden_Patera-Pillan_Patera_region_v01,Reiden Patera-Pillan Patera region GP24,-124.00000000199998,-13.0000000004,1997-02-21T08:19:21.00Z,0.7081,318.767,PDS converted spectral_radiance,https://pds-atmospheres.nmsu.edu/PDS/data/PDS4/go_nims_io_rad/data_derived/unresolved_night/converted/074_e6i005tr_S5_S6_L1_n_converted_spectra_Reiden_Patera-Pillan_Patera_region_v01.csv
075_e6i005tr_S5_S6_L4_n_converted_spectra_Pele_v01,Pele GP24,-104.300000001,-18.3999999995,1997-02-21T08:19:21.00Z,1.2768,32.7188,PDS converted spectral_radiance,https://pds-atmospheres.nmsu.edu/PDS/data/PDS4/go_nims_io_rad/data_derived/unresolved_night/converted/075_e6i005tr_S5_S6_L4_n_converted_spectra_Pele_v01.csv
076_g7i007tr_S9_S10_L1_n_converted_spectra_Loki_Patera_v01,Loki Patera,-51.20000000099998,12.6999999992,1997-04-04T01:03:08.00Z,5.2326,605.121,PDS converted spectral_radiance,https://pds-atmospheres.nmsu.edu/PDS/data/PDS4/go_nims_io_rad/data_derived/unresolved_night/converted/076_g7i007tr_S9_S10_L1_n_converted_spectra_Loki_Patera_v01.csv
077_g7i006tr_S7_S8_L10_n_converted_spectra_Loki_Patera_v01,Loki Patera,-51.20000000099998,12.6999999992,1997-04-05T05:09:40.00Z,0.9514,1969.26,PDS converted spectral_radiance,https://pds-atmospheres.nmsu.edu/PDS/data/PDS4/go_nims_io_rad/data_derived/unresolved_night/converted/077_g7i006tr_S7_S8_L10_n_converted_spectra_Loki_Patera_v01.csv
078_g8i009tr_S14_S15_L1_n_converted_spectra_Culann_region_v01,Culann region,161.5,19.9000000011,1997-05-06T22:49:51.00Z,0.8513,54.1889,PDS converted spectral_radiance,https://pds-atmospheres.nmsu.edu/PDS/data/PDS4/go_nims_io_rad/data_derived/unresolved_night/converted/078_g8i009tr_S14_S15_L1_n_converted_spectra_Culann_region_v01.csv
079_g8i010tr_S12_S13_L5_n_converted_spectra_Isum_Patera_v01,Isum Patera,-151.0,28.0000000031,1997-05-07T03:15:46.00Z,4.6546,40.233,PDS converted spectral_radiance,https://pds-atmospheres.nmsu.edu/PDS/data/PDS4/go_nims_io_rad/data_derived/unresolved_night/converted/079_g8i010tr_S12_S13_L5_n_converted_spectra_Isum_Patera_v01.csv
080_g8i010tr_S16_S17_L6_n_converted_spectra_Marduk_Fluctus_v01,Marduk Fluctus,-150.10000000000002,-28.3999999971,1997-05-07T03:15:46.00Z,5.0479,20.545,PDS converted spectral_radiance,https://pds-atmospheres.nmsu.edu/PDS/data/PDS4/go_nims_io_rad/data_derived/unresolved_night/converted/080_g8i010tr_S16_S17_L6_n_converted_spectra_Marduk_Fluctus_v01.csv
081_g8i014tr_S15_S16_L6_n_converted_spectra_Pillan_v01,Pillan,-116.0,-11.9999999984,1997-05-07T07:24:30.00Z,4.6282,249.052,PDS converted spectral_radiance,https://pds-atmospheres.nmsu.edu/PDS/data/PDS4/go_nims_io_rad/data_derived/unresolved_night/converted/081_g8i014tr_S15_S16_L6_n_converted_spectra_Pillan_v01.csv
082_g8i015tr_S11_S12_L5_n_converted_spectra_Pillan_v01,Pillan,-116.0,-11.9999999984,1997-05-07T07:28:33.00Z,4.6414,223.927,PDS converted spectral_radiance,https://pds-atmospheres.nmsu.edu/PDS/data/PDS4/go_nims_io_rad/data_derived/unresolved_night/converted/082_g8i015tr_S11_S12_L5_n_converted_spectra_Pillan_v01.csv
083_g8i016tr_S12_S13_L3_n_converted_spectra_Pele_v01,Pele GP2,-104.300000001,-18.3999999995,1997-05-07T10:29:32.00Z,0.9775,84.6288,PDS converted spectral_radiance,https://pds-atmospheres.nmsu.edu/PDS/data/PDS4/go_nims_io_rad/data_derived/unresolved_night/converted/083_g8i016tr_S12_S13_L3_n_converted_spectra_Pele_v01.csv
084_g8i016tr_S9_S10_L6_n_converted_spectra_Daedalus_P.-Shakuru_P._region_v01,Daedalus P.-Shakuru P. region GP14,-94.30000000400003,24.0999999992,1997-05-07T10:29:32.00Z,0.7797,240.205,PDS converted spectral_radiance,https://pds-atmospheres.nmsu.edu/PDS/data/PDS4/go_nims_io_rad/data_derived/unresolved_night/converted/084_g8i016tr_S9_S10_L6_n_converted_spectra_Daedalus_P.-Shakuru_P._region_v01.csv
085_g8i016tr_S13_S14_L4_n_converted_spectra_Babbar_P.-Ulgen_P._region_v01,Babbar P.-Ulgen P. region,-88.20000000099998,-39.3999999989,1997-05-07T10:29:32.00Z,0.9644,207.126,PDS converted spectral_radiance,https://pds-atmospheres.nmsu.edu/PDS/data/PDS4/go_nims_io_rad/data_derived/unresolved_night/converted/085_g8i016tr_S13_S14_L4_n_converted_spectra_Babbar_P.-Ulgen_P._region_v01.csv
086_g8i017tr_S12_S13_L5_n_converted_spectra_Pele_v01,Pele,-104.300000001,-18.3999999995,1997-05-07T10:35:36.00Z,0.9709,168.63,PDS converted spectral_radiance,https://pds-atmospheres.nmsu.edu/PDS/data/PDS4/go_nims_io_rad/data_derived/unresolved_night/converted/086_g8i017tr_S12_S13_L5_n_converted_spectra_Pele_v01.csv
087_g8i017tr_S11_S12_L4_n_converted_spectra_Pillan_v01,Pillan GP22,-116.0,-11.9999999984,1997-05-07T10:35:36.00Z,0.7016,1159.11,PDS converted spectral_radiance,https://pds-atmospheres.nmsu.edu/PDS/data/PDS4/go_nims_io_rad/data_derived/unresolved_night/converted/087_g8i017tr_S11_S12_L4_n_converted_spectra_Pillan_v01.csv
088_g8i011tr_S12_S13_L6_n_converted_spectra_Loki_Patera_v01,Loki Patera GP24,-51.20000000099998,12.6999999992,1997-05-07T11:15:02.00Z,0.7472,121.582,PDS converted spectral_radiance,https://pds-atmospheres.nmsu.edu/PDS/data/PDS4/go_nims_io_rad/data_derived/unresolved_night/converted/088_g8i011tr_S12_S13_L6_n_converted_spectra_Loki_Patera_v01.csv
089_g8i012tr_S13_S14_L2_n_converted_spectra_Acala_Fluctus_v01,Acala Fluctus GP16,-24.0,11.0000000028,1997-05-07T18:55:05.00Z,0.7602,206.645,PDS converted spectral_radiance,https://pds-atmospheres.nmsu.edu/PDS/data/PDS4/go_nims_io_rad/data_derived/unresolved_night/converted/089_g8i012tr_S13_S14_L2_n_converted_spectra_Acala_Fluctus_v01.csv
090_c9i004tr_S10_S11_L57_n_converted_spectra_Loki_Patera_3_v01,Loki Patera 3 GP6,-51.20000000099998,12.6999999992,1997-06-26T22:48:45.00Z,0.7602,895.254,PDS converted spectral_radiance,https://pds-atmospheres.nmsu.edu/PDS/data/PDS4/go_nims_io_rad/data_derived/unresolved_night/converted/090_c9i004tr_S10_S11_L57_n_converted_spectra_Loki_Patera_3_v01.csv
092_c9i004tr_S10_S11_L86_n_converted_spectra_Loki_Patera_4_v01,Loki Patera 4,-51.20000000099998,12.6999999992,1997-06-26T22:48:45.00Z,0.8992,2088.32,PDS converted spectral_radiance,https://pds-atmospheres.nmsu.edu/PDS/data/PDS4/go_nims_io_rad/data_derived/unresolved_night/converted/092_c9i004tr_S10_S11_L86_n_converted_spectra_Loki_Patera_4_v01.csv
094_c9i004tr_S10_S11_L114_n_converted_spectra_Loki_Patera_5_v01,Loki Patera 5 GP6,-51.20000000099998,12.6999999992,1997-06-26T22:48:45.00Z,0.9514,7219.38,PDS converted spectral_radiance,https://pds-atmospheres.nmsu.edu/PDS/data/PDS4/go_nims_io_rad/data_derived/unresolved_night/converted/094_c9i004tr_S10_S11_L114_n_converted_spectra_Loki_Patera_5_v01.csv
096_c9i004tr_S10_S11_L142_n_converted_spectra_Loki_Patera_6_v01,Loki Patera 6 GP6,-51.20000000099998,12.6999999992,1997-06-26T22:48:45.00Z,0.8383,1387.12,PDS converted spectral_radiance,https://pds-atmospheres.nmsu.edu/PDS/data/PDS4/go_nims_io_rad/data_derived/unresolved_night/converted/096_c9i004tr_S10_S11_L142_n_converted_spectra_Loki_Patera_6_v01.csv
098_c9i008tr_S10_S11_L6_n_converted_spectra_Acala_Fluctus_region_inc._Tol-Ava_P._v01,Acala Fluctus region inc. Tol-Ava P. GP6 P.,-37.90000000100002,1.8000000014,1997-06-27T01:04:14.00Z,0.9253,854.587,PDS converted spectral_radiance,https://pds-atmospheres.nmsu.edu/PDS/data/PDS4/go_nims_io_rad/data_derived/unresolved_night/converted/098_c9i008tr_S10_S11_L6_n_converted_spectra_Acala_Fluctus_region_inc._Tol-Ava_P._v01.csv
099_c9i008tr_S12_S13_L11_n_converted_spectra_Janus_and-or_Kanehekili_v01,Janus and-or Kanehekili,42.5,-3.00000000055,1997-06-27T01:04:14.00Z,0.9514,559.67,PDS converted spectral_radiance,https://pds-atmospheres.nmsu.edu/PDS/data/PDS4/go_nims_io_rad/data_derived/unresolved_night/converted/099_c9i008tr_S12_S13_L11_n_converted_spectra_Janus_and-or_Kanehekili_v01.csv
100_c9i008tr_S10_S11_L27_n_converted_spectra_Acala_Fluctus_region_2_v01,Acala Fluctus region 2 GP2,-24.0,11.0000000028,1997-06-27T01:04:14.00Z,0.9514,654.531,PDS converted spectral_radiance,https://pds-atmospheres.nmsu.edu/PDS/data/PDS4/go_nims_io_rad/data_derived/unresolved_night/converted/100_c9i008tr_S10_S11_L27_n_converted_spectra_Acala_Fluctus_region_2_v01.csv
101_c9i008tr_S12_S13_L32_n_converted_spectra_Janus_and-or_Kanehekili_2_v01,Janus and-or Kanehekili 2 GP5,42.5,-3.00000000055,1997-06-27T01:04:14.00Z,0.7862,205.648,PDS converted spectral_radiance,https://pds-atmospheres.nmsu.edu/PDS/data/PDS4/go_nims_io_rad/data_derived/unresolved_night/converted/101_c9i008tr_S12_S13_L32_n_converted_spectra_Janus_and-or_Kanehekili_2_v01.csv
102_c9i008tr_S10_S11_L47_n_converted_spectra_Acala_Fluctus_region_3_v01,Acala Fluctus region 3,-24.0,11.0000000028,1997-06-27T01:04:14.00Z,0.9514,654.951,PDS converted spectral_radiance,https://pds-atmospheres.nmsu.edu/PDS/data/PDS4/go_nims_io_rad/data_derived/unresolved_night/converted/102_c9i008tr_S10_S11_L47_n_converted_spectra_Acala_Fluctus_region_3_v01.csv
103_c9i008tr_S12_S13_L53_n_converted_spectra_Janus_and-or_Kanehekili_3_v01,Janus and-or Kanehekili 3,42.5,-3.00000000055,1997-06-27T01:04:14.00Z,0.8123,233.137,PDS converted spectral_radiance,https://pds-atmospheres.nmsu.edu/PDS/data/PDS4/go_nims_io_rad/data_derived/unresolved_night/converted/103_c9i008tr_S12_S13_L53_n_converted_spectra_Janus_and-or_Kanehekili_3_v01.csv
104_c9i008tr_S10_S11_L68_n_converted_spectra_Acala_Fluctus_region_4_v01,Acala Fluctus region 4 GP2,-24.0,11.0000000028,1997-06-27T01:04:14.00Z,0.7602,331.673,PDS converted spectral_radiance,https://pds-atmospheres.nmsu.edu/PDS/data/PDS4/go_nims_io_rad/data_derived/unresolved_night/converted/104_c9i008tr_S10_S11_L68_n_converted_spectra_Acala_Fluctus_region_4_v01.csv
105_c9i008tr_S10_S11_L88_n_converted_spectra_Acala_Fluctus_region_5_v01,Acala Fluctus region 5 GP5,-24.0,11.0000000028,1997-06-27T01:04:14.00Z,0.8123,271.009,PDS converted spectral_radiance,https://pds-atmospheres.nmsu.edu/PDS/data/PDS4/go_nims_io_rad/data_derived/unresolved_night/converted/105_c9i008tr_S10_S11_L88_n_converted_spectra_Acala_Fluctus_region_5_v01.csv
106_c9i007tr_S11_S12_L6_n_converted_spectra_Hi-iaka_Patera-Tawhaki_P._v01,Hi-iaka Patera-Tawhaki P. GP24,75.09999999619998,3.09999999976,1997-06-27T21:36:51.00Z,0.9644,101.082,PDS converted spectral_radiance,https://pds-atmospheres.nmsu.edu/PDS/data/PDS4/go_nims_io_rad/data_derived/unresolved_night/converted/106_c9i007tr_S11_S12_L6_n_converted_spectra_Hi-iaka_Patera-Tawhaki_P._v01.csv
107_c9i007tr_S13_S14_L4_n_converted_spectra_Zal_-_Gish_Bar_P._region_v01,Zal - Gish Bar P.region GP12,74.8999999971,40.5000000023,1997-06-27T21:36:51.00Z,0.9644,403.082,PDS converted spectral_radiance,https://pds-atmospheres.nmsu.edu/PDS/data/PDS4/go_nims_io_rad/data_derived/unresolved_night/converted/107_c9i007tr_S13_S14_L4_n_converted_spectra_Zal_-_Gish_Bar_P._region_v01.csv
108_c9i007tr_S9_S10_L10_n_converted_spectra_Kanehekili_F._and-or_Janus_Patera_v01,Kanehekili F. and-or Janus Patera GP22,42.5,-3.00000000055,1997-06-27T21:36:51.00Z,0.9905,1435.27,PDS converted spectral_radiance,https://pds-atmospheres.nmsu.edu/PDS/data/PDS4/go_nims_io_rad/data_derived/unresolved_night/converted/108_c9i007tr_S9_S10_L10_n_converted_spectra_Kanehekili_F._and-or_Janus_Patera_v01.csv
109_c9i002tr_S8_S9_L29_n_converted_spectra_Tupan_Patera_v01,Tupan Patera GP14,140.999999999,-18.9999999967,1997-06-28T06:58:01.00Z,1.3159,21.2804,PDS converted spectral_radiance,https://pds-atmospheres.nmsu.edu/PDS/data/PDS4/go_nims_io_rad/data_derived/unresolved_night/converted/109_c9i002tr_S8_S9_L29_n_converted_spectra_Tupan_Patera_v01.csv
110_c9i001tr_S14_S15_L22_n_converted_spectra_Zal_Patera_region_v01,Zal Patera region GP14,74.8999999971,40.5000000023,1997-06-27T22:31:27.00Z,0.7081,216.53,PDS converted spectral_radiance,https://pds-atmospheres.nmsu.edu/PDS/data/PDS4/go_nims_io_rad/data_derived/unresolved_night/converted/110_c9i001tr_S14_S15_L22_n_converted_spectra_Zal_Patera_region_v01.csv
111_c9i001tr_S11_S12_L23_n_converted_spectra_Hi-iaka_Patera_and-or_Tawhaki_Patera_v01,Hi-iaka Patera and-or Tawhaki Patera GP6,75.09999999619998,3.09999999976,1997-06-27T22:31:27.00Z,0.8731,236.507,PDS converted spectral_radiance,https://pds-atmospheres.nmsu.edu/PDS/data/PDS4/go_nims_io_rad/data_derived/unresolved_night/converted/111_c9i001tr_S11_S12_L23_n_converted_spectra_Hi-iaka_Patera_and-or_Tawhaki_Patera_v01.csv
112_c9i001tr_S9_S10_L19_n_converted_spectra_Sigurd_Patera_v01,Sigurd Patera GP22,97.40000000060002,-5.9000000003,1997-06-27T22:31:27.00Z,0.9514,221.02,PDS converted spectral_radiance,https://pds-atmospheres.nmsu.edu/PDS/data/PDS4/go_nims_io_rad/data_derived/unresolved_night/converted/112_c9i001tr_S9_S10_L19_n_converted_spectra_Sigurd_Patera_v01.csv
113_c9i001tr_S13_S12_L22_n_converted_spectra_Gish_Bar_Patera_v01,Gish Bar Patera GP24,89.09999999950003,15.599999999,1997-06-27T22:31:27.00Z,0.8513,106.742,PDS converted spectral_radiance,https://pds-atmospheres.nmsu.edu/PDS/data/PDS4/go_nims_io_rad/data_derived/unresolved_night/converted/113_c9i001tr_S13_S12_L22_n_converted_spectra_Gish_Bar_Patera_v01.csv
114_c9i005tr_S7_S8_L17_n_converted_spectra_Malik_Patera_v01,Malik Patera GP24,128.999999999,-33.9999999998,1997-06-28T02:32:06.00Z,0.9057,184.074,PDS converted spectral_radiance,https://pds-atmospheres.nmsu.edu/PDS/data/PDS4/go_nims_io_rad/data_derived/unresolved_night/converted/114_c9i005tr_S7_S8_L17_n_converted_spectra_Malik_Patera_v01.csv
115_c9i006tr_S13_S14_L5_n_converted_spectra_Amirani_v01,Amirani GP24,116.300000001,23.1999999989,1997-06-28T02:45:15.00Z,0.8797,95.5011,PDS converted spectral_radiance,https://pds-atmospheres.nmsu.edu/PDS/data/PDS4/go_nims_io_rad/data_derived/unresolved_night/converted/115_c9i006tr_S13_S14_L5_n_converted_spectra_Amirani_v01.csv
116_c9i006tr_S7_S8_L2_n_converted_spectra_Malik_Patera_v01,Malik Patera GP17,128.999999999,-33.9999999998,1997-06-28T02:45:15.00Z,0.984,122.237,PDS converted spectral_radiance,https://pds-atmospheres.nmsu.edu/PDS/data/PDS4/go_nims_io_rad/data_derived/unresolved_night/converted/116_c9i006tr_S7_S8_L2_n_converted_spectra_Malik_Patera_v01.csv
117_c9i006tr_S7_S8_L6_n_converted_spectra_Altjirra_Patera_v01,Altjirra Patera GP20,108.0,-34.9999999995,1997-06-28T02:45:15.00Z,0.9905,884.969,PDS converted spectral_radiance,https://pds-atmospheres.nmsu.edu/PDS/data/PDS4/go_nims_io_rad/data_derived/unresolved_night/converted/117_c9i006tr_S7_S8_L6_n_converted_spectra_Altjirra_Patera_v01.csv
118_c9i006tr_S9_S10_L9_n_converted_spectra_Sigurd_Patera_v01,Sigurd Patera GP20,97.40000000060002,-5.9000000003,1997-06-28T02:45:15.00Z,0.9514,337.269,PDS converted spectral_radiance,https://pds-atmospheres.nmsu.edu/PDS/data/PDS4/go_nims_io_rad/data_derived/unresolved_night/converted/118_c9i006tr_S9_S10_L9_n_converted_spectra_Sigurd_Patera_v01.csv
119_c9i006tr_S14_S15_L8_n_converted_spectra_Shango_Patera_-_Zal_region_v01,Shango Patera - Zal region GP18,74.8999999971,40.5000000023,1997-06-28T02:45:15.00Z,0.9709,367.074,PDS converted spectral_radiance,https://pds-atmospheres.nmsu.edu/PDS/data/PDS4/go_nims_io_rad/data_derived/unresolved_night/converted/119_c9i006tr_S14_S15_L8_n_converted_spectra_Shango_Patera_-_Zal_region_v01.csv
120_c9i006tr_S12_S13_L10_n_converted_spectra_Gish_Bar_Patera_v01,Gish Bar Patera GP9,89.09999999950003,15.599999999,1997-06-28T02:45:15.00Z,0.8992,91.569,PDS converted spectral_radiance,https://pds-atmospheres.nmsu.edu/PDS/data/PDS4/go_nims_io_rad/data_derived/unresolved_night/converted/120_c9i006tr_S12_S13_L10_n_converted_spectra_Gish_Bar_Patera_v01.csv
121_c9i006tr_S10_S11_L11_n_converted_spectra_Hi-iaka_Patera_-_Tawhaki_Patera_region_v01,Hi-iaka Patera - Tawhaki Patera region GP14,75.09999999619998,3.09999999976,1997-06-28T02:45:15.00Z,0.8731,100.6,PDS converted spectral_radiance,https://pds-atmospheres.nmsu.edu/PDS/data/PDS4/go_nims_io_rad/data_derived/unresolved_night/converted/121_c9i006tr_S10_S11_L11_n_converted_spectra_Hi-iaka_Patera_-_Tawhaki_Patera_region_v01.csv
122_c9i002tr_S8_S9_L25_n_converted_spectra_Culann_-_Tohil_region_v01,Culann - Tohil region GP2,161.5,19.9000000011,1997-06-28T06:58:01.00Z,0.8992,208.532,PDS converted spectral_radiance,https://pds-atmospheres.nmsu.edu/PDS/data/PDS4/go_nims_io_rad/data_derived/unresolved_night/converted/122_c9i002tr_S8_S9_L25_n_converted_spectra_Culann_-_Tohil_region_v01.csv
123_c9i002tr_S10_S11_L26_n_converted_spectra_Prometheus_v01,Prometheus GP20,153.0,0.500000003048,1997-06-28T06:58:01.00Z,0.9644,468.333,PDS converted spectral_radiance,https://pds-atmospheres.nmsu.edu/PDS/data/PDS4/go_nims_io_rad/data_derived/unresolved_night/converted/123_c9i002tr_S10_S11_L26_n_converted_spectra_Prometheus_v01.csv
124_c9i002tr_S8_S9_L29_n_converted_spectra_Malik_Patera_v01,Malik Patera GP18,128.999999999,-33.9999999998,1997-06-28T06:58:01.00Z,1.3159,33.0924,PDS converted spectral_radiance,https://pds-atmospheres.nmsu.edu/PDS/data/PDS4/go_nims_io_rad/data_derived/unresolved_night/converted/124_c9i002tr_S8_S9_L29_n_converted_spectra_Malik_Patera_v01.csv
125_c9i003tr_S11_S12_L6_n_converted_spectra_Loki_Patera_v01,Loki Patera,-51.20000000099998,12.6999999992,1997-06-28T18:42:46.00Z,5.2062,679.155,PDS converted spectral_radiance,https://pds-atmospheres.nmsu.edu/PDS/data/PDS4/go_nims_io_rad/data_derived/unresolved_night/converted/125_c9i003tr_S11_S12_L6_n_converted_spectra_Loki_Patera_v01.csv
126_c9i003tr_S10_S11_L15_n_converted_spectra_Pele_and_Pillan_v01,Pele and Pillan,-116.0,-11.9999999984,1997-06-28T18:42:46.00Z,3.8107,297.915,PDS converted spectral_radiance,https://pds-atmospheres.nmsu.edu/PDS/data/PDS4/go_nims_io_rad/data_derived/unresolved_night/converted/126_c9i003tr_S10_S11_L15_n_converted_spectra_Pele_and_Pillan_v01.csv
127_c9i003tr_S9_S10_L9_n_converted_spectra_Mithra_Patera_v01,Mithra Patera GP14,-93.30000000400003,-58.6000000001,1997-06-28T18:42:46.00Z,5.1006,90.1554,PDS converted spectral_radiance,https://pds-atmospheres.nmsu.edu/PDS/data/PDS4/go_nims_io_rad/data_derived/unresolved_night/converted/127_c9i003tr_S9_S10_L9_n_converted_spectra_Mithra_Patera_v01.csv
128_10i007tr_S12_S13_L10_n_converted_spectra_Hi-iaka_Patera_v01,Hi-iaka Patera GP14,79.80000000079997,-3.10000000009,1997-09-19T00:56:22.00Z,0.9057,93.8457,PDS converted spectral_radiance,https://pds-atmospheres.nmsu.edu/PDS/data/PDS4/go_nims_io_rad/data_derived/unresolved_night/converted/128_10i007tr_S12_S13_L10_n_converted_spectra_Hi-iaka_Patera_v01.csv
129_10i007tr_S8_S9_L16_n_converted_spectra_Kanehekili_v01,Kanehekili GP8,37.999999996599996,-15.9999999997,1997-09-19T00:56:22.00Z,0.9775,3682.76,PDS converted spectral_radiance,https://pds-atmospheres.nmsu.edu/PDS/data/PDS4/go_nims_io_rad/data_derived/unresolved_night/converted/129_10i007tr_S8_S9_L16_n_converted_spectra_Kanehekili_v01.csv
130_10i007tr_S10_S11_L17_n_converted_spectra_Janus_Patera_v01,Janus Patera GP2,42.5,-3.00000000055,1997-09-19T00:56:22.00Z,0.9514,807.216,PDS converted spectral_radiance,https://pds-atmospheres.nmsu.edu/PDS/data/PDS4/go_nims_io_rad/data_derived/unresolved_night/converted/130_10i007tr_S10_S11_L17_n_converted_spectra_Janus_Patera_v01.csv
131_10i005tr_S10_S11_L30_n_converted_spectra_Amirani_v01,Amirani GP4,116.300000001,23.1999999989,1997-09-19T04:42:51.00Z,0.984,163.546,PDS converted spectral_radiance,https://pds-atmospheres.nmsu.edu/PDS/data/PDS4/go_nims_io_rad/data_derived/unresolved_night/converted/131_10i005tr_S10_S11_L30_n_converted_spectra_Amirani_v01.csv
132_10i005tr_S3_S4_L35_n_converted_spectra_Itzamna_Patera_v01,Itzamna Patera GP15,97.69999999920003,-15.199999999,1997-09-19T04:42:51.00Z,0.9905,315.17,PDS converted spectral_radiance,https://pds-atmospheres.nmsu.edu/PDS/data/PDS4/go_nims_io_rad/data_derived/unresolved_night/converted/132_10i005tr_S3_S4_L35_n_converted_spectra_Itzamna_Patera_v01.csv
133_10i005tr_S19_S20_L68_n_converted_spectra_Amirani_v01,Amirani GP5,116.300000001,23.1999999989,1997-09-19T04:42:51.00Z,0.9905,62.18,PDS converted spectral_radiance,https://pds-atmospheres.nmsu.edu/PDS/data/PDS4/go_nims_io_rad/data_derived/unresolved_night/converted/133_10i005tr_S19_S20_L68_n_converted_spectra_Amirani_v01.csv
134_10i005tr_S8_S9_L69_n_converted_spectra_Altjirra_Patera-Arusha_Patera_region_v01,Altjirra Patera-Arusha Patera region GP17,100.69999999800001,-38.9999999986,1997-09-19T04:42:51.00Z,0.9383,89.3545,PDS converted spectral_radiance,https://pds-atmospheres.nmsu.edu/PDS/data/PDS4/go_nims_io_rad/data_derived/unresolved_night/converted/134_10i005tr_S8_S9_L69_n_converted_spectra_Altjirra_Patera-Arusha_Patera_region_v01.csv
135_10i005tr_S18_S19_L71_n_converted_spectra_Monan_Patera_v01,Monan Patera GP14,103.79999999699999,20.3000000036,1997-09-19T04:42:51.00Z,0.9775,248.733,PDS converted spectral_radiance,https://pds-atmospheres.nmsu.edu/PDS/data/PDS4/go_nims_io_rad/data_derived/unresolved_night/converted/135_10i005tr_S18_S19_L71_n_converted_spectra_Monan_Patera_v01.csv
136_10i006tr_S10_S11_L5_n_converted_spectra_Amirani_v01,Amirani GP23,116.300000001,23.1999999989,1997-09-19T04:57:00.00Z,0.9318,109.716,PDS converted spectral_radiance,https://pds-atmospheres.nmsu.edu/PDS/data/PDS4/go_nims_io_rad/data_derived/unresolved_night/converted/136_10i006tr_S10_S11_L5_n_converted_spectra_Amirani_v01.csv
137_10i006tr_S10_S11_L9_n_converted_spectra_Monan_Patera_v01,Monan Patera GP7,103.79999999699999,20.3000000036,1997-09-19T04:57:00.00Z,0.984,38.1005,PDS converted spectral_radiance,https://pds-atmospheres.nmsu.edu/PDS/data/PDS4/go_nims_io_rad/data_derived/unresolved_night/converted/137_10i006tr_S10_S11_L9_n_converted_spectra_Monan_Patera_v01.csv
138_10i006tr_S3_S4_L11_n_converted_spectra_Itzamna_Patera_v01,Itzamna Patera GP18,97.69999999920003,-15.199999999,1997-09-19T04:57:00.00Z,0.9579,69.1991,PDS converted spectral_radiance,https://pds-atmospheres.nmsu.edu/PDS/data/PDS4/go_nims_io_rad/data_derived/unresolved_night/converted/138_10i006tr_S3_S4_L11_n_converted_spectra_Itzamna_Patera_v01.csv
139_10i006tr_S5_S16_L12_n_converted_spectra_Sigurd_Patera_v01,Sigurd Patera GP15,97.40000000060002,-5.9000000003,1997-09-19T04:57:00.00Z,0.9579,87.405,PDS converted spectral_radiance,https://pds-atmospheres.nmsu.edu/PDS/data/PDS4/go_nims_io_rad/data_derived/unresolved_night/converted/139_10i006tr_S5_S16_L12_n_converted_spectra_Sigurd_Patera_v01.csv
140_10i006tr_S9_S10_L13_n_converted_spectra_Gish_Bar_Patera_v01,Gish Bar Patera,89.09999999950003,15.599999999,1997-09-19T04:57:00.00Z,0.9383,98.419,PDS converted spectral_radiance,https://pds-atmospheres.nmsu.edu/PDS/data/PDS4/go_nims_io_rad/data_derived/unresolved_night/converted/140_10i006tr_S9_S10_L13_n_converted_spectra_Gish_Bar_Patera_v01.csv
141_10i006tr_S14_S15_L32_n_converted_spectra_Sigurd_Patera_v01,Sigurd Patera,97.40000000060002,-5.9000000003,1997-09-19T04:57:00.00Z,0.9383,166.321,PDS converted spectral_radiance,https://pds-atmospheres.nmsu.edu/PDS/data/PDS4/go_nims_io_rad/data_derived/unresolved_night/converted/141_10i006tr_S14_S15_L32_n_converted_spectra_Sigurd_Patera_v01.csv
142_10i006tr_S6_S7_L16_n_converted_spectra_Hi-iaka_Patera_-_Tawhaki_region_v01,Hi-iaka Patera - Tawhaki region GP2,75.09999999619998,3.09999999976,1997-09-19T04:57:00.00Z,0.9057,48.49,PDS converted spectral_radiance,https://pds-atmospheres.nmsu.edu/PDS/data/PDS4/go_nims_io_rad/data_derived/unresolved_night/converted/142_10i006tr_S6_S7_L16_n_converted_spectra_Hi-iaka_Patera_-_Tawhaki_region_v01.csv
143_10i006tr_S19_S20_L25_n_converted_spectra_Amirani_v01,Amirani,116.300000001,23.1999999989,1997-09-19T04:57:00.00Z,0.9775,72.6444,PDS converted spectral_radiance,https://pds-atmospheres.nmsu.edu/PDS/data/PDS4/go_nims_io_rad/data_derived/unresolved_night/converted/143_10i006tr_S19_S20_L25_n_converted_spectra_Amirani_v01.csv
144_10i006tr_S8_S9_L27_n_converted_spectra_Arusha_Patera_v01,Arusha Patera GP23,100.69999999800001,-38.9999999986,1997-09-19T04:57:00.00Z,0.9644,95.7366,PDS converted spectral_radiance,https://pds-atmospheres.nmsu.edu/PDS/data/PDS4/go_nims_io_rad/data_derived/unresolved_night/converted/144_10i006tr_S8_S9_L27_n_converted_spectra_Arusha_Patera_v01.csv
145_10i006tr_S19_S20_L29_n_converted_spectra_Monan_Patera_v01,Monan Patera,103.79999999699999,20.3000000036,1997-09-19T04:57:00.00Z,0.9905,176.87,PDS converted spectral_radiance,https://pds-atmospheres.nmsu.edu/PDS/data/PDS4/go_nims_io_rad/data_derived/unresolved_night/converted/145_10i006tr_S19_S20_L29_n_converted_spectra_Monan_Patera_v01.csv
146_10i006tr_S12_S13_L30_n_converted_spectra_Itzamna_Patera_v01,Itzamna Patera GP13,97.69999999920003,-15.199999999,1997-09-19T04:57:00.00Z,0.9709,61.9565,PDS converted spectral_radiance,https://pds-atmospheres.nmsu.edu/PDS/data/PDS4/go_nims_io_rad/data_derived/unresolved_night/converted/146_10i006tr_S12_S13_L30_n_converted_spectra_Itzamna_Patera_v01.csv
147_10i006tr_S18_S19_L33_n_converted_spectra_Gish_Bar_Patera_v01,Gish Bar Patera GP22,89.09999999950003,15.599999999,1997-09-19T04:57:00.00Z,0.9318,107.542,PDS converted spectral_radiance,https://pds-atmospheres.nmsu.edu/PDS/data/PDS4/go_nims_io_rad/data_derived/unresolved_night/converted/147_10i006tr_S18_S19_L33_n_converted_spectra_Gish_Bar_Patera_v01.csv
148_10i006tr_S15_S16_L36_n_converted_spectra_Hi-iaka_Patera_-_Tawhaki_region_v01,Hi-iaka Patera - Tawhaki region GP18,75.09999999619998,3.09999999976,1997-09-19T04:57:00.00Z,0.9905,665.998,PDS converted spectral_radiance,https://pds-atmospheres.nmsu.edu/PDS/data/PDS4/go_nims_io_rad/data_derived/unresolved_night/converted/148_10i006tr_S15_S16_L36_n_converted_spectra_Hi-iaka_Patera_-_Tawhaki_region_v01.csv
149_10i009tr_S15_S16_L3_n_converted_spectra_Arinna_Fluctus_v01,Arinna Fluctus GP6,146.999999999,32.0000000022,1997-09-19T10:17:32.00Z,0.9775,146.934,PDS converted spectral_radiance,https://pds-atmospheres.nmsu.edu/PDS/data/PDS4/go_nims_io_rad/data_derived/unresolved_night/converted/149_10i009tr_S15_S16_L3_n_converted_spectra_Arinna_Fluctus_v01.csv
150_10i009tr_S6_S7_L6_n_converted_spectra_Malik_Patera-Altjirra_P._region_v01,Malik Patera-Altjirra P. region GP6,108.0,-34.9999999995,1997-09-19T10:17:32.00Z,0.9644,62.2024,PDS converted spectral_radiance,https://pds-atmospheres.nmsu.edu/PDS/data/PDS4/go_nims_io_rad/data_derived/unresolved_night/converted/150_10i009tr_S6_S7_L6_n_converted_spectra_Malik_Patera-Altjirra_P._region_v01.csv
151_10i009tr_S14_S15_L8_n_converted_spectra_Amirani-Monan_Patera_region_v01,Amirani-Monan Patera region GP22,103.79999999699999,20.3000000036,1997-09-19T10:17:32.00Z,0.7081,141.576,PDS converted spectral_radiance,https://pds-atmospheres.nmsu.edu/PDS/data/PDS4/go_nims_io_rad/data_derived/unresolved_night/converted/151_10i009tr_S14_S15_L8_n_converted_spectra_Amirani-Monan_Patera_region_v01.csv
152_10i008tr_S8_S9_L2_n_converted_spectra_Culann-Wabasso_region_v01,Culann-Wabasso region GP22,161.5,19.9000000011,1997-09-19T10:32:42.00Z,0.9579,158.76,PDS converted spectral_radiance,https://pds-atmospheres.nmsu.edu/PDS/data/PDS4/go_nims_io_rad/data_derived/unresolved_night/converted/152_10i008tr_S8_S9_L2_n_converted_spectra_Culann-Wabasso_region_v01.csv
153_10i008tr_S10_S11_L5_n_converted_spectra_Prometheus_v01,Prometheus GP16,153.0,0.500000003048,1997-09-19T10:32:42.00Z,0.9383,84.4085,PDS converted spectral_radiance,https://pds-atmospheres.nmsu.edu/PDS/data/PDS4/go_nims_io_rad/data_derived/unresolved_night/converted/153_10i008tr_S10_S11_L5_n_converted_spectra_Prometheus_v01.csv
154_10i008tr_S8_S9_L6_n_converted_spectra_Tupan_Patera_v01,Tupan Patera GP22,140.999999999,-18.9999999967,1997-09-19T10:32:42.00Z,0.9709,66.0832,PDS converted spectral_radiance,https://pds-atmospheres.nmsu.edu/PDS/data/PDS4/go_nims_io_rad/data_derived/unresolved_night/converted/154_10i008tr_S8_S9_L6_n_converted_spectra_Tupan_Patera_v01.csv
155_10i008tr_S7_S8_L7_n_converted_spectra_Malik_Patera_v01,Malik Patera GP18,128.999999999,-33.9999999998,1997-09-19T10:32:42.00Z,0.9905,172.799,PDS converted spectral_radiance,https://pds-atmospheres.nmsu.edu/PDS/data/PDS4/go_nims_io_rad/data_derived/unresolved_night/converted/155_10i008tr_S7_S8_L7_n_converted_spectra_Malik_Patera_v01.csv
156_10i008tr_S16_S17_L6_n_converted_spectra_Arinna_Fluctus_region_v01,Arinna Fluctus region,146.999999999,32.0000000022,1997-09-19T10:32:42.00Z,0.9188,49.4582,PDS converted spectral_radiance,https://pds-atmospheres.nmsu.edu/PDS/data/PDS4/go_nims_io_rad/data_derived/unresolved_night/converted/156_10i008tr_S16_S17_L6_n_converted_spectra_Arinna_Fluctus_region_v01.csv
157_10i008tr_S6_S7_L3_n_converted_spectra_Shamash_P._region_-_close_to_Culann_v01,Shamash P. region - close to Culann GP10,152.0,-34.9999999995,1997-09-19T10:32:42.00Z,0.8536,97.8405,PDS converted spectral_radiance,https://pds-atmospheres.nmsu.edu/PDS/data/PDS4/go_nims_io_rad/data_derived/unresolved_night/converted/157_10i008tr_S6_S7_L3_n_converted_spectra_Shamash_P._region_-_close_to_Culann_v01.csv
158_10i008tr_S14_S15_L10_n_converted_spectra_Amirani_v01,Amirani GP16,116.300000001,23.1999999989,1997-09-19T10:32:42.00Z,0.9709,610.782,PDS converted spectral_radiance,https://pds-atmospheres.nmsu.edu/PDS/data/PDS4/go_nims_io_rad/data_derived/unresolved_night/converted/158_10i008tr_S14_S15_L10_n_converted_spectra_Amirani_v01.csv
159_10i003tr_S11_S12_L9_n_converted_spectra_Loki_Patera_v01,Loki Patera,-51.20000000099998,12.6999999992,1997-09-19T21:57:13.00Z,5.2326,353.084,PDS converted spectral_radiance,https://pds-atmospheres.nmsu.edu/PDS/data/PDS4/go_nims_io_rad/data_derived/unresolved_night/converted/159_10i003tr_S11_S12_L9_n_converted_spectra_Loki_Patera_v01.csv
160_10i010tr_S10_S11_L1_n_converted_spectra_Pele-Pillan_region_v01,Pele-Pillan region GP22,-116.0,-11.9999999984,1997-09-20T00:43:02.00Z,5.1798,139.02,PDS converted spectral_radiance,https://pds-atmospheres.nmsu.edu/PDS/data/PDS4/go_nims_io_rad/data_derived/unresolved_night/converted/160_10i010tr_S10_S11_L1_n_converted_spectra_Pele-Pillan_region_v01.csv
161_11i002tr_S13_S14_L12_n_converted_spectra_Zal_Patera_v01,Zal Patera GP14,74.8999999971,40.5000000023,1997-11-07T16:12:47.00Z,0.7602,202.283,PDS converted spectral_radiance,https://pds-atmospheres.nmsu.edu/PDS/data/PDS4/go_nims_io_rad/data_derived/unresolved_night/converted/161_11i002tr_S13_S14_L12_n_converted_spectra_Zal_Patera_v01.csv
162_11i002tr_S11_S12_L13_n_converted_spectra_Hiiaka_Patera-Tawhaki_Patera_region_v01,Hi-iaka Patera-Tawhaki Patera region GP16,75.09999999619998,3.09999999976,1997-11-07T16:12:47.00Z,2.1037,31.3298,PDS converted spectral_radiance,https://pds-atmospheres.nmsu.edu/PDS/data/PDS4/go_nims_io_rad/data_derived/unresolved_night/converted/162_11i002tr_S11_S12_L13_n_converted_spectra_Hiiaka_Patera-Tawhaki_Patera_region_v01.csv
164_11i002tr_S10_S11_L18_n_converted_spectra_Kanehekili-Janus_Patera_region_v01,Kanehekili-Janus Patera region GP14,42.5,-3.00000000055,1997-11-07T16:12:47.00Z,0.9383,233.761,PDS converted spectral_radiance,https://pds-atmospheres.nmsu.edu/PDS/data/PDS4/go_nims_io_rad/data_derived/unresolved_night/converted/164_11i002tr_S10_S11_L18_n_converted_spectra_Kanehekili-Janus_Patera_region_v01.csv
165_11i008tr_S12_S13_L10_n_converted_spectra_Amirani_v01,Amirani GP12,116.300000001,23.1999999989,1997-11-07T19:15:48.00Z,0.984,98.5309,PDS converted spectral_radiance,https://pds-atmospheres.nmsu.edu/PDS/data/PDS4/go_nims_io_rad/data_derived/unresolved_night/converted/165_11i008tr_S12_S13_L10_n_converted_spectra_Amirani_v01.csv
166_11i008tr_S9_S10_L13_n_converted_spectra_Itzamna_Patera_and_Gish_Bar_Patera_v01,Itzamna Patera and Gish Bar Patera GP14,89.09999999950003,15.599999999,1997-11-07T19:15:48.00Z,0.9579,292.062,PDS converted spectral_radiance,https://pds-atmospheres.nmsu.edu/PDS/data/PDS4/go_nims_io_rad/data_derived/unresolved_night/converted/166_11i008tr_S9_S10_L13_n_converted_spectra_Itzamna_Patera_and_Gish_Bar_Patera_v01.csv
167_11i008tr_S11_S12_L13_n_converted_spectra_Gish_Bar_Patera_and_Itzamna_Patera_v01,Gish Bar Patera and Itzamna Patera GP12,89.09999999950003,15.599999999,1997-11-07T19:15:48.00Z,2.8917,9.08082,PDS converted spectral_radiance,https://pds-atmospheres.nmsu.edu/PDS/data/PDS4/go_nims_io_rad/data_derived/unresolved_night/converted/167_11i008tr_S11_S12_L13_n_converted_spectra_Gish_Bar_Patera_and_Itzamna_Patera_v01.csv
168_11i008tr_S13_S14_L13_n_converted_spectra_Zal_Patera-Gish_Bar_Patera_region_v01,Zal Patera-Gish Bar Patera region GP16,74.8999999971,40.5000000023,1997-11-07T19:15:48.00Z,0.7016,28.5127,PDS converted spectral_radiance,https://pds-atmospheres.nmsu.edu/PDS/data/PDS4/go_nims_io_rad/data_derived/unresolved_night/converted/168_11i008tr_S13_S14_L13_n_converted_spectra_Zal_Patera-Gish_Bar_Patera_region_v01.csv
169_11i008tr_S11_S12_L15_n_converted_spectra_Hiiaka_Patera-Tawhaki_Patera_region_v01,Hiiaka Patera-Tawhaki Patera region GP20,75.09999999619998,3.09999999976,1997-11-07T19:15:48.00Z,0.9253,157.106,PDS converted spectral_radiance,https://pds-atmospheres.nmsu.edu/PDS/data/PDS4/go_nims_io_rad/data_derived/unresolved_night/converted/169_11i008tr_S11_S12_L15_n_converted_spectra_Hiiaka_Patera-Tawhaki_Patera_region_v01.csv
171_11i008tr_S10_S11_L19_n_converted_spectra_Janus-Kanehekili_region_v01,Janus-Kanehekili region GP18,42.5,-3.00000000055,1997-11-07T19:15:48.00Z,0.7537,135.962,PDS converted spectral_radiance,https://pds-atmospheres.nmsu.edu/PDS/data/PDS4/go_nims_io_rad/data_derived/unresolved_night/converted/171_11i008tr_S10_S11_L19_n_converted_spectra_Janus-Kanehekili_region_v01.csv
172_11i003tr_S12_S13_L8_n_converted_spectra_Amirani_v01,Amirani,116.300000001,23.1999999989,1997-11-07T19:47:17.00Z,5.1798,25.9427,PDS converted spectral_radiance,https://pds-atmospheres.nmsu.edu/PDS/data/PDS4/go_nims_io_rad/data_derived/unresolved_night/converted/172_11i003tr_S12_S13_L8_n_converted_spectra_Amirani_v01.csv
173_11i003tr_S13_S14_L12_n_converted_spectra_Zal_Patera_v01,Zal Patera GP3,74.8999999971,40.5000000023,1997-11-07T19:47:17.00Z,5.127,14.5403,PDS converted spectral_radiance,https://pds-atmospheres.nmsu.edu/PDS/data/PDS4/go_nims_io_rad/data_derived/unresolved_night/converted/173_11i003tr_S13_S14_L12_n_converted_spectra_Zal_Patera_v01.csv
174_11i003tr_S11_S12_L13_n_converted_spectra_Tawhaki_Patera_-_Hi-iaka_Patera_region_v01,Tawhaki Patera - Hi-iaka Patera region GP23,75.09999999619998,3.09999999976,1997-11-07T19:47:17.00Z,4.8841,15.821,PDS converted spectral_radiance,https://pds-atmospheres.nmsu.edu/PDS/data/PDS4/go_nims_io_rad/data_derived/unresolved_night/converted/174_11i003tr_S11_S12_L13_n_converted_spectra_Tawhaki_Patera_-_Hi-iaka_Patera_region_v01.csv
175_11i003tr_S9_S10_L11_n_converted_spectra_Itzamna_Patera_-_Sigurd_Patera_region_v01,Itzamna Patera - Sigurd Patera region GP3,97.40000000060002,-5.9000000003,1997-11-07T19:47:17.00Z,5.1402,13.4743,PDS converted spectral_radiance,https://pds-atmospheres.nmsu.edu/PDS/data/PDS4/go_nims_io_rad/data_derived/unresolved_night/converted/175_11i003tr_S9_S10_L11_n_converted_spectra_Itzamna_Patera_-_Sigurd_Patera_region_v01.csv
177_11i009tr_S12_S13_L10_n_converted_spectra_Amirani_v01,Amirani,116.300000001,23.1999999989,1997-11-07T20:15:27.00Z,0.984,93.2681,PDS converted spectral_radiance,https://pds-atmospheres.nmsu.edu/PDS/data/PDS4/go_nims_io_rad/data_derived/unresolved_night/converted/177_11i009tr_S12_S13_L10_n_converted_spectra_Amirani_v01.csv
178_11i009tr_S8_S9_L13_n_converted_spectra_Arusha_Patera_-_Altjirra_region_v01,Arusha Patera - Altjirra region GP14,100.69999999800001,-38.9999999986,1997-11-07T20:15:27.00Z,4.95,9.22699,PDS converted spectral_radiance,https://pds-atmospheres.nmsu.edu/PDS/data/PDS4/go_nims_io_rad/data_derived/unresolved_night/converted/178_11i009tr_S8_S9_L13_n_converted_spectra_Arusha_Patera_-_Altjirra_region_v01.csv
179_11i009tr_S11_S12_L13_n_converted_spectra_Sigurd_Patera_-_Itzamna_region_v01,Sigurd Patera - Itzamna region GP12,97.40000000060002,-5.9000000003,1997-11-07T20:15:27.00Z,2.8917,8.57006,PDS converted spectral_radiance,https://pds-atmospheres.nmsu.edu/PDS/data/PDS4/go_nims_io_rad/data_derived/unresolved_night/converted/179_11i009tr_S11_S12_L13_n_converted_spectra_Sigurd_Patera_-_Itzamna_region_v01.csv
180_11i009tr_S13_S14_L13_n_converted_spectra_Gish_Bar_Patera_v01,Gish Bar Patera GP10,89.09999999950003,15.599999999,1997-11-07T20:15:27.00Z,0.7016,21.0863,PDS converted spectral_radiance,https://pds-atmospheres.nmsu.edu/PDS/data/PDS4/go_nims_io_rad/data_derived/unresolved_night/converted/180_11i009tr_S13_S14_L13_n_converted_spectra_Gish_Bar_Patera_v01.csv
182_11i009tr_S11_S12_L16_n_converted_spectra_Hi-iaka_Patera-Tawhaki_Patera_region_v01,Hi-iaka Patera-Tawhaki Patera region GP6,75.09999999619998,3.09999999976,1997-11-07T20:15:27.00Z,0.8253,29.9376,PDS converted spectral_radiance,https://pds-atmospheres.nmsu.edu/PDS/data/PDS4/go_nims_io_rad/data_derived/unresolved_night/converted/182_11i009tr_S11_S12_L16_n_converted_spectra_Hi-iaka_Patera-Tawhaki_Patera_region_v01.csv
183_11i010tr_S12_S13_L6_n_converted_spectra_Amirani_v01,Amirani,116.300000001,23.1999999989,1997-11-07T21:12:39.00Z,5.127,24.2897,PDS converted spectral_radiance,https://pds-atmospheres.nmsu.edu/PDS/data/PDS4/go_nims_io_rad/data_derived/unresolved_night/converted/183_11i010tr_S12_S13_L6_n_converted_spectra_Amirani_v01.csv
184_11i010tr_S8_S9_L6_n_converted_spectra_Malik_Patera_v01,Malik Patera GP8,128.999999999,-33.9999999998,1997-11-07T21:12:39.00Z,0.7341,46.0912,PDS converted spectral_radiance,https://pds-atmospheres.nmsu.edu/PDS/data/PDS4/go_nims_io_rad/data_derived/unresolved_night/converted/184_11i010tr_S8_S9_L6_n_converted_spectra_Malik_Patera_v01.csv
185_11i010tr_S8_S9_L9_n_converted_spectra_Altjirra_Patera_-_Arusha_Patera_region_v01,Altjirra Patera - Arusha Patera region,100.69999999800001,-38.9999999986,1997-11-07T21:12:39.00Z,5.1534,9.09845,PDS converted spectral_radiance,https://pds-atmospheres.nmsu.edu/PDS/data/PDS4/go_nims_io_rad/data_derived/unresolved_night/converted/185_11i010tr_S8_S9_L9_n_converted_spectra_Altjirra_Patera_-_Arusha_Patera_region_v01.csv
186_11i010tr_S11_S12_L9_n_converted_spectra_Sigurd_Patera_v01,Sigurd Patera,97.40000000060002,-5.9000000003,1997-11-07T21:12:39.00Z,0.8253,139.658,PDS converted spectral_radiance,https://pds-atmospheres.nmsu.edu/PDS/data/PDS4/go_nims_io_rad/data_derived/unresolved_night/converted/186_11i010tr_S11_S12_L9_n_converted_spectra_Sigurd_Patera_v01.csv
187_11i010tr_S13_S14_L9_n_converted_spectra_Gish_Bar_Patera_v01,Gish Bar Patera,89.09999999950003,15.599999999,1997-11-07T21:12:39.00Z,4.7126,28.6449,PDS converted spectral_radiance,https://pds-atmospheres.nmsu.edu/PDS/data/PDS4/go_nims_io_rad/data_derived/unresolved_night/converted/187_11i010tr_S13_S14_L9_n_converted_spectra_Gish_Bar_Patera_v01.csv
189_11i010tr_S11_S12_L12_n_converted_spectra_Hi-iaka_Patera-Tawhaki_Patera_region_v01,Hi-iaka Patera-Tawhaki Patera region,75.09999999619998,3.09999999976,1997-11-07T21:12:39.00Z,0.9905,437.037,PDS converted spectral_radiance,https://pds-atmospheres.nmsu.edu/PDS/data/PDS4/go_nims_io_rad/data_derived/unresolved_night/converted/189_11i010tr_S11_S12_L12_n_converted_spectra_Hi-iaka_Patera-Tawhaki_Patera_region_v01.csv
190_11i005tr_S9_S10_L12_n_converted_spectra_Tupan_Patera_v01,Tupan Patera,140.999999999,-18.9999999967,1997-11-07T23:45:46.00Z,1.2768,18.3319,PDS converted spectral_radiance,https://pds-atmospheres.nmsu.edu/PDS/data/PDS4/go_nims_io_rad/data_derived/unresolved_night/converted/190_11i005tr_S9_S10_L12_n_converted_spectra_Tupan_Patera_v01.csv
191_11i005tr_S13_S14_L14_n_converted_spectra_Amirani_v01,Amirani GP21,116.300000001,23.1999999989,1997-11-07T23:45:46.00Z,5.127,23.9938,PDS converted spectral_radiance,https://pds-atmospheres.nmsu.edu/PDS/data/PDS4/go_nims_io_rad/data_derived/unresolved_night/converted/191_11i005tr_S13_S14_L14_n_converted_spectra_Amirani_v01.csv
192_11i005tr_S8_S9_L14_n_converted_spectra_Malik_Patera_v01,Malik Patera GP14,128.999999999,-33.9999999998,1997-11-07T23:45:46.00Z,5.0083,12.4396,PDS converted spectral_radiance,https://pds-atmospheres.nmsu.edu/PDS/data/PDS4/go_nims_io_rad/data_derived/unresolved_night/converted/192_11i005tr_S8_S9_L14_n_converted_spectra_Malik_Patera_v01.csv
193_11i005tr_S12_S13_L12_n_converted_spectra_Maui_Patera_v01,Maui Patera GP18,123.79999999899997,16.2000000006,1997-11-07T23:45:46.00Z,1.3549,6.21218,PDS converted spectral_radiance,https://pds-atmospheres.nmsu.edu/PDS/data/PDS4/go_nims_io_rad/data_derived/unresolved_night/converted/193_11i005tr_S12_S13_L12_n_converted_spectra_Maui_Patera_v01.csv
194_11i005tr_S9_S10_L17_n_converted_spectra_Arusha_and-or_Altjirra_v01,Arusha and-or Altjirra GP12,100.69999999800001,-38.9999999986,1997-11-07T23:45:46.00Z,5.1006,10.2876,PDS converted spectral_radiance,https://pds-atmospheres.nmsu.edu/PDS/data/PDS4/go_nims_io_rad/data_derived/unresolved_night/converted/194_11i005tr_S9_S10_L17_n_converted_spectra_Arusha_and-or_Altjirra_v01.csv
195_11i005tr_S11_S12_L17_n_converted_spectra_Sigurd_Patera_v01,Sigurd Patera GP14,97.40000000060002,-5.9000000003,1997-11-07T23:45:46.00Z,1.7897,10.801,PDS converted spectral_radiance,https://pds-atmospheres.nmsu.edu/PDS/data/PDS4/go_nims_io_rad/data_derived/unresolved_night/converted/195_11i005tr_S11_S12_L17_n_converted_spectra_Sigurd_Patera_v01.csv
196_11i005tr_S13_S14_L17_n_converted_spectra_Gish_Bar_Patera_v01,Gish Bar Patera,89.09999999950003,15.599999999,1997-11-07T23:45:46.00Z,1.3549,9.82234,PDS converted spectral_radiance,https://pds-atmospheres.nmsu.edu/PDS/data/PDS4/go_nims_io_rad/data_derived/unresolved_night/converted/196_11i005tr_S13_S14_L17_n_converted_spectra_Gish_Bar_Patera_v01.csv
197_11i005tr_S11_S12_L19_n_converted_spectra_Hi-iaka_Patera-Tawhaki_Patera_region_v01,Hi-iaka Patera-Tawhaki Patera region GP9,75.09999999619998,3.09999999976,1997-11-07T23:45:46.00Z,0.7602,184.579,PDS converted spectral_radiance,https://pds-atmospheres.nmsu.edu/PDS/data/PDS4/go_nims_io_rad/data_derived/unresolved_night/converted/197_11i005tr_S11_S12_L19_n_converted_spectra_Hi-iaka_Patera-Tawhaki_Patera_region_v01.csv
198_11i006tr_S9_S10_L12_n_converted_spectra_Tupan_Patera_v01,Tupan Patera GP4,140.999999999,-18.9999999967,1997-11-07T23:52:50.00Z,4.9951,9.48082,PDS converted spectral_radiance,https://pds-atmospheres.nmsu.edu/PDS/data/PDS4/go_nims_io_rad/data_derived/unresolved_night/converted/198_11i006tr_S9_S10_L12_n_converted_spectra_Tupan_Patera_v01.csv
199_11i006tr_S8_S9_L14_n_converted_spectra_Malik_Patera_v01,Malik Patera GP23,128.999999999,-33.9999999998,1997-11-07T23:52:50.00Z,0.9775,69.4691,PDS converted spectral_radiance,https://pds-atmospheres.nmsu.edu/PDS/data/PDS4/go_nims_io_rad/data_derived/unresolved_night/converted/199_11i006tr_S8_S9_L14_n_converted_spectra_Malik_Patera_v01.csv
200_11i006tr_S13_S14_L14_n_converted_spectra_Amirani_v01,Amirani,116.300000001,23.1999999989,1997-11-07T23:52:50.00Z,5.2326,23.7815,PDS converted spectral_radiance,https://pds-atmospheres.nmsu.edu/PDS/data/PDS4/go_nims_io_rad/data_derived/unresolved_night/converted/200_11i006tr_S13_S14_L14_n_converted_spectra_Amirani_v01.csv
201_11i006tr_S8_S9_L17_n_converted_spectra_Arusha_and-or_Altjirra_v01,Arusha and-or Altjirra GP6,100.69999999800001,-38.9999999986,1997-11-07T23:52:50.00Z,2.9703,20.1972,PDS converted spectral_radiance,https://pds-atmospheres.nmsu.edu/PDS/data/PDS4/go_nims_io_rad/data_derived/unresolved_night/converted/201_11i006tr_S8_S9_L17_n_converted_spectra_Arusha_and-or_Altjirra_v01.csv
202_11i006tr_S11_S12_L18_n_converted_spectra_Sigurd_Patera_v01,Sigurd Patera GP10,97.40000000060002,-5.9000000003,1997-11-07T23:52:50.00Z,0.9253,128.63,PDS converted spectral_radiance,https://pds-atmospheres.nmsu.edu/PDS/data/PDS4/go_nims_io_rad/data_derived/unresolved_night/converted/202_11i006tr_S11_S12_L18_n_converted_spectra_Sigurd_Patera_v01.csv
203_11i006tr_S13_S14_L17_n_converted_spectra_Gish_Bar_Patera_v01,Gish Bar Patera GP5,89.09999999950003,15.599999999,1997-11-07T23:52:50.00Z,0.9644,40.5209,PDS converted spectral_radiance,https://pds-atmospheres.nmsu.edu/PDS/data/PDS4/go_nims_io_rad/data_derived/unresolved_night/converted/203_11i006tr_S13_S14_L17_n_converted_spectra_Gish_Bar_Patera_v01.csv
204_11i006tr_S12_S13_L19_n_converted_spectra_Hi-iaka_Patera-Tawhaki_Patera_region_v01,Hi-iaka Patera-Tawhaki Patera region GP21,75.09999999619998,3.09999999976,1997-11-07T23:52:50.00Z,0.7016,38.8629,PDS converted spectral_radiance,https://pds-atmospheres.nmsu.edu/PDS/data/PDS4/go_nims_io_rad/data_derived/unresolved_night/converted/204_11i006tr_S12_S13_L19_n_converted_spectra_Hi-iaka_Patera-Tawhaki_Patera_region_v01.csv
205_11i006tr_S13_S14_L12_n_converted_spectra_Maui_Patera_v01,Maui Patera GP20,123.79999999899997,16.2000000006,1997-11-07T23:52:50.00Z,1.7245,15.7274,PDS converted spectral_radiance,https://pds-atmospheres.nmsu.edu/PDS/data/PDS4/go_nims_io_rad/data_derived/unresolved_night/converted/205_11i006tr_S13_S14_L12_n_converted_spectra_Maui_Patera_v01.csv
206_11i004tr_S10_S11_L11_n_converted_spectra_Haokah_Patera_-_close_to_Sethlaus_v01,Haokah Patera - close to Sethlaus,-172.999999999,-20.6999999976,1997-11-08T03:32:15.00Z,0.8253,61.5996,PDS converted spectral_radiance,https://pds-atmospheres.nmsu.edu/PDS/data/PDS4/go_nims_io_rad/data_derived/unresolved_night/converted/206_11i004tr_S10_S11_L11_n_converted_spectra_Haokah_Patera_-_close_to_Sethlaus_v01.csv
207_11i004tr_S13_S12_L12_n_converted_spectra_Zamama_v01,Zamama GP8,174.0,18.0000000011,1997-11-08T03:32:15.00Z,3.6327,17.1355,PDS converted spectral_radiance,https://pds-atmospheres.nmsu.edu/PDS/data/PDS4/go_nims_io_rad/data_derived/unresolved_night/converted/207_11i004tr_S13_S12_L12_n_converted_spectra_Zamama_v01.csv
208_11i004tr_S9_S10_L14_n_converted_spectra_Culann_v01,Culann,161.5,19.9000000011,1997-11-08T03:32:15.00Z,5.1798,28.4924,PDS converted spectral_radiance,https://pds-atmospheres.nmsu.edu/PDS/data/PDS4/go_nims_io_rad/data_derived/unresolved_night/converted/208_11i004tr_S9_S10_L14_n_converted_spectra_Culann_v01.csv
209_11i004tr_S11_S12_L15_n_converted_spectra_Prometheus_v01,Prometheus GP10,153.0,0.500000003048,1997-11-08T03:32:15.00Z,4.8973,16.537,PDS converted spectral_radiance,https://pds-atmospheres.nmsu.edu/PDS/data/PDS4/go_nims_io_rad/data_derived/unresolved_night/converted/209_11i004tr_S11_S12_L15_n_converted_spectra_Prometheus_v01.csv
210_11i004tr_S10_S11_L17_n_converted_spectra_Tupan_Patera_v01,Tupan Patera,140.999999999,-18.9999999967,1997-11-08T03:32:15.00Z,1.3809,13.2495,PDS converted spectral_radiance,https://pds-atmospheres.nmsu.edu/PDS/data/PDS4/go_nims_io_rad/data_derived/unresolved_night/converted/210_11i004tr_S10_S11_L17_n_converted_spectra_Tupan_Patera_v01.csv
211_11i004tr_S9_S10_L17_n_converted_spectra_Malik_Patera_v01,Malik Patera,128.999999999,-33.9999999998,1997-11-08T03:32:15.00Z,2.1821,15.9821,PDS converted spectral_radiance,https://pds-atmospheres.nmsu.edu/PDS/data/PDS4/go_nims_io_rad/data_derived/unresolved_night/converted/211_11i004tr_S9_S10_L17_n_converted_spectra_Malik_Patera_v01.csv
212_11i004tr_S13_S14_L17_n_converted_spectra_Amirani_region_v01,Amirani region GP6,116.300000001,23.1999999989,1997-11-08T03:32:15.00Z,5.1006,29.5389,PDS converted spectral_radiance,https://pds-atmospheres.nmsu.edu/PDS/data/PDS4/go_nims_io_rad/data_derived/unresolved_night/converted/212_11i004tr_S13_S14_L17_n_converted_spectra_Amirani_region_v01.csv
213_11i007tr_S10_S11_L11_n_converted_spectra_Haokah_Patera_v01,Haokah Patera GP22,-172.999999999,-20.6999999976,1997-11-08T03:38:19.00Z,5.0479,11.2457,PDS converted spectral_radiance,https://pds-atmospheres.nmsu.edu/PDS/data/PDS4/go_nims_io_rad/data_derived/unresolved_night/converted/213_11i007tr_S10_S11_L11_n_converted_spectra_Haokah_Patera_v01.csv
214_11i007tr_S12_S13_L12_n_converted_spectra_Zamama_v01,Zamama,174.0,18.0000000011,1997-11-08T03:38:19.00Z,5.0215,14.163,PDS converted spectral_radiance,https://pds-atmospheres.nmsu.edu/PDS/data/PDS4/go_nims_io_rad/data_derived/unresolved_night/converted/214_11i007tr_S12_S13_L12_n_converted_spectra_Zamama_v01.csv
215_11i007tr_S10_S11_L14_n_converted_spectra_Culann_v01,Culann,161.5,19.9000000011,1997-11-08T03:38:19.00Z,5.127,35.3301,PDS converted spectral_radiance,https://pds-atmospheres.nmsu.edu/PDS/data/PDS4/go_nims_io_rad/data_derived/unresolved_night/converted/215_11i007tr_S10_S11_L14_n_converted_spectra_Culann_v01.csv
216_11i007tr_S11_S12_L15_n_converted_spectra_Prometheus_v01,Prometheus GP2,153.0,0.500000003048,1997-11-08T03:38:19.00Z,4.3779,17.1963,PDS converted spectral_radiance,https://pds-atmospheres.nmsu.edu/PDS/data/PDS4/go_nims_io_rad/data_derived/unresolved_night/converted/216_11i007tr_S11_S12_L15_n_converted_spectra_Prometheus_v01.csv
217_11i007tr_S10_S11_L16_n_converted_spectra_Tupan_Patera_v01,Tupan Patera,140.999999999,-18.9999999967,1997-11-08T03:38:19.00Z,0.8992,29.2171,PDS converted spectral_radiance,https://pds-atmospheres.nmsu.edu/PDS/data/PDS4/go_nims_io_rad/data_derived/unresolved_night/converted/217_11i007tr_S10_S11_L16_n_converted_spectra_Tupan_Patera_v01.csv
218_11i007tr_S10_S11_L17_n_converted_spectra_Malik_Patera_v01,Malik Patera,128.999999999,-33.9999999998,1997-11-08T03:38:19.00Z,4.9687,16.26,PDS converted spectral_radiance,https://pds-atmospheres.nmsu.edu/PDS/data/PDS4/go_nims_io_rad/data_derived/unresolved_night/converted/218_11i007tr_S10_S11_L17_n_converted_spectra_Malik_Patera_v01.csv
219_12i001tr_S10_S11_L25_n_converted_spectra_Hi-iaka_Patera-Tawhaki_Patera_region_v01,Hi-iaka Patera-Tawhaki Patera region GP9,75.09999999619998,3.09999999976,1997-12-16T14:14:36.00Z,0.9698,218.896,PDS converted spectral_radiance,https://pds-atmospheres.nmsu.edu/PDS/data/PDS4/go_nims_io_rad/data_derived/unresolved_night/converted/219_12i001tr_S10_S11_L25_n_converted_spectra_Hi-iaka_Patera-Tawhaki_Patera_region_v01.csv
220_12i001tr_S7_S8_L29_n_converted_spectra_Kanehekili_Fluctus_v01,Kanehekili Fluctus,37.999999996599996,-15.9999999997,1997-12-16T14:14:36.00Z,0.9698,396.32,PDS converted spectral_radiance,https://pds-atmospheres.nmsu.edu/PDS/data/PDS4/go_nims_io_rad/data_derived/unresolved_night/converted/220_12i001tr_S7_S8_L29_n_converted_spectra_Kanehekili_Fluctus_v01.csv
222_12i001tr_S10_S11_L55_n_converted_spectra_Hi-iaka_Patera-Tawhaki_Patera_region_v01,Hi-iaka Patera-Tawhaki Patera region GP24,75.09999999619998,3.09999999976,1997-12-16T14:14:36.00Z,0.9988,807.882,PDS converted spectral_radiance,https://pds-atmospheres.nmsu.edu/PDS/data/PDS4/go_nims_io_rad/data_derived/unresolved_night/converted/222_12i001tr_S10_S11_L55_n_converted_spectra_Hi-iaka_Patera-Tawhaki_Patera_region_v01.csv
223_12i001tr_S15_S16_L54_n_converted_spectra_Zal_Patera_v01,Zal Patera GP6,74.8999999971,40.5000000023,1997-12-16T14:14:36.00Z,0.693,177.704,PDS converted spectral_radiance,https://pds-atmospheres.nmsu.edu/PDS/data/PDS4/go_nims_io_rad/data_derived/unresolved_night/converted/223_12i001tr_S15_S16_L54_n_converted_spectra_Zal_Patera_v01.csv
225_15i501tr_S13_S14_L5_n_converted_spectra_Marduk_Fluctus_v01,Marduk Fluctus GP13,-150.10000000000002,-28.3999999971,1998-05-31T13:18:39.00Z,1.0036,339.924,PDS converted spectral_radiance,https://pds-atmospheres.nmsu.edu/PDS/data/PDS4/go_nims_io_rad/data_derived/unresolved_night/converted/225_15i501tr_S13_S14_L5_n_converted_spectra_Marduk_Fluctus_v01.csv
226_15i501tr_S7_S8_L6_n_converted_spectra_Isum_P.-Susanoo_P._region_v01,Isum P.-Susanoo P. region GP14,-140.7,22.3000000032,1998-05-31T13:18:39.00Z,0.8889,80.1076,PDS converted spectral_radiance,https://pds-atmospheres.nmsu.edu/PDS/data/PDS4/go_nims_io_rad/data_derived/unresolved_night/converted/226_15i501tr_S7_S8_L6_n_converted_spectra_Isum_P.-Susanoo_P._region_v01.csv
227_15i501tr_S13_S14_L42_n_converted_spectra_Marduk_Fluctus_v01,Marduk Fluctus GP3,-150.10000000000002,-28.3999999971,1998-05-31T13:18:39.00Z,1.0036,227.061,PDS converted spectral_radiance,https://pds-atmospheres.nmsu.edu/PDS/data/PDS4/go_nims_io_rad/data_derived/unresolved_night/converted/227_15i501tr_S13_S14_L42_n_converted_spectra_Marduk_Fluctus_v01.csv
228_15i501tr_S6_S7_L43_n_converted_spectra_Isum_Patera_v01,Isum Patera GP21,-151.0,28.0000000031,1998-05-31T13:18:39.00Z,0.9348,189.543,PDS converted spectral_radiance,https://pds-atmospheres.nmsu.edu/PDS/data/PDS4/go_nims_io_rad/data_derived/unresolved_night/converted/228_15i501tr_S6_S7_L43_n_converted_spectra_Isum_Patera_v01.csv
229_15i501tr_S11_S12_L75_n_converted_spectra_Pillan_v01,Pillan GP17,-116.0,-11.9999999984,1998-05-31T13:18:39.00Z,0.996,10806.7,PDS converted spectral_radiance,https://pds-atmospheres.nmsu.edu/PDS/data/PDS4/go_nims_io_rad/data_derived/unresolved_night/converted/229_15i501tr_S11_S12_L75_n_converted_spectra_Pillan_v01.csv
230_15i501tr_S13_S14_L78_n_converted_spectra_Marduk_Fluctus_v01,Marduk Fluctus GP22,-150.10000000000002,-28.3999999971,1998-05-31T13:18:39.00Z,0.9654,196.446,PDS converted spectral_radiance,https://pds-atmospheres.nmsu.edu/PDS/data/PDS4/go_nims_io_rad/data_derived/unresolved_night/converted/230_15i501tr_S13_S14_L78_n_converted_spectra_Marduk_Fluctus_v01.csv
231_15i501tr_S6_S7_L80_n_converted_spectra_Isum_Patera_v01,Isum Patera GP23,-151.0,28.0000000031,1998-05-31T13:18:39.00Z,0.9807,255.773,PDS converted spectral_radiance,https://pds-atmospheres.nmsu.edu/PDS/data/PDS4/go_nims_io_rad/data_derived/unresolved_night/converted/231_15i501tr_S6_S7_L80_n_converted_spectra_Isum_Patera_v01.csv
232_15i005tr_S17_S18_L4_n_converted_spectra_Pele_v01,Pele,-104.300000001,-18.3999999995,1998-05-31T17:37:30.00Z,0.9424,125.435,PDS converted spectral_radiance,https://pds-atmospheres.nmsu.edu/PDS/data/PDS4/go_nims_io_rad/data_derived/unresolved_night/converted/232_15i005tr_S17_S18_L4_n_converted_spectra_Pele_v01.csv
233_15i005tr_S16_S17_L7_n_converted_spectra_Pillan_v01,Pillan,-116.0,-11.9999999984,1998-05-31T17:37:30.00Z,0.9807,88.1432,PDS converted spectral_radiance,https://pds-atmospheres.nmsu.edu/PDS/data/PDS4/go_nims_io_rad/data_derived/unresolved_night/converted/233_15i005tr_S16_S17_L7_n_converted_spectra_Pillan_v01.csv
234_15i005tr_S7_S8_L52_n_converted_spectra_Pele_v01,Pele,-104.300000001,-18.3999999995,1998-05-31T17:37:30.00Z,0.973,173.864,PDS converted spectral_radiance,https://pds-atmospheres.nmsu.edu/PDS/data/PDS4/go_nims_io_rad/data_derived/unresolved_night/converted/234_15i005tr_S7_S8_L52_n_converted_spectra_Pele_v01.csv
235_15i005tr_S6_S7_L55_n_converted_spectra_Pillan_v01,Pillan,-116.0,-11.9999999984,1998-05-31T17:37:30.00Z,0.9654,107.0,PDS converted spectral_radiance,https://pds-atmospheres.nmsu.edu/PDS/data/PDS4/go_nims_io_rad/data_derived/unresolved_night/converted/235_15i005tr_S6_S7_L55_n_converted_spectra_Pillan_v01.csv
236_15i005tr_S12_S13_L95_n_converted_spectra_Pillan_v01,Pillan GP10,-116.0,-11.9999999984,1998-05-31T17:37:30.00Z,0.9883,203.973,PDS converted spectral_radiance,https://pds-atmospheres.nmsu.edu/PDS/data/PDS4/go_nims_io_rad/data_derived/unresolved_night/converted/236_15i005tr_S12_S13_L95_n_converted_spectra_Pillan_v01.csv
237_16i001tr_S9_S10_L1_n_converted_spectra_Loki_Patera_v01,Loki Patera,-51.20000000099998,12.6999999992,1998-07-20T06:06:04.00Z,0.7956,3199.28,PDS converted spectral_radiance,https://pds-atmospheres.nmsu.edu/PDS/data/PDS4/go_nims_io_rad/data_derived/unresolved_night/converted/237_16i001tr_S9_S10_L1_n_converted_spectra_Loki_Patera_v01.csv
238_16i001tr_S11_S12_L7_n_converted_spectra_Pele_v01,Pele,-104.300000001,-18.3999999995,1998-07-20T06:06:04.00Z,1.3452,82.701,PDS converted spectral_radiance,https://pds-atmospheres.nmsu.edu/PDS/data/PDS4/go_nims_io_rad/data_derived/unresolved_night/converted/238_16i001tr_S11_S12_L7_n_converted_spectra_Pele_v01.csv
239_16i001tr_S10_S11_L9_n_converted_spectra_Pillan_v01,Pillan GP24,-116.0,-11.9999999984,1998-07-20T06:06:04.00Z,0.7804,456.747,PDS converted spectral_radiance,https://pds-atmospheres.nmsu.edu/PDS/data/PDS4/go_nims_io_rad/data_derived/unresolved_night/converted/239_16i001tr_S10_S11_L9_n_converted_spectra_Pillan_v01.csv
240_16i002tr_S9_S10_L1_n_converted_spectra_Loki_Patera_v01,Loki Patera,-51.20000000099998,12.6999999992,1998-07-20T06:06:04.00Z,0.7956,3199.28,PDS converted spectral_radiance,https://pds-atmospheres.nmsu.edu/PDS/data/PDS4/go_nims_io_rad/data_derived/unresolved_night/converted/240_16i002tr_S9_S10_L1_n_converted_spectra_Loki_Patera_v01.csv
241_16i002tr_S11_S12_L6_n_converted_spectra_Pele_v01,Pele GP16,-104.300000001,-18.3999999995,1998-07-20T06:06:04.00Z,4.709,47.384,PDS converted spectral_radiance,https://pds-atmospheres.nmsu.edu/PDS/data/PDS4/go_nims_io_rad/data_derived/unresolved_night/converted/241_16i002tr_S11_S12_L6_n_converted_spectra_Pele_v01.csv
242_16i002tr_S10_S11_L9_n_converted_spectra_Pillan_v01,Pillan GP24,-116.0,-11.9999999984,1998-07-20T06:06:04.00Z,4.709,47.757,PDS converted spectral_radiance,https://pds-atmospheres.nmsu.edu/PDS/data/PDS4/go_nims_io_rad/data_derived/unresolved_night/converted/242_16i002tr_S10_S11_L9_n_converted_spectra_Pillan_v01.csv
243_20i001tr_S11_S12_L2_n_converted_spectra_Pele_v01,Pele,-104.300000001,-18.3999999995,1999-05-02T19:56:39.00Z,0.9842,101.028,PDS converted spectral_radiance,https://pds-atmospheres.nmsu.edu/PDS/data/PDS4/go_nims_io_rad/data_derived/unresolved_night/converted/243_20i001tr_S11_S12_L2_n_converted_spectra_Pele_v01.csv
244_20i001tr_S11_S12_L5_n_converted_spectra_Pillan_v01,Pillan,-116.0,-11.9999999984,1999-05-02T19:56:39.00Z,0.9209,71.3283,PDS converted spectral_radiance,https://pds-atmospheres.nmsu.edu/PDS/data/PDS4/go_nims_io_rad/data_derived/unresolved_night/converted/244_20i001tr_S11_S12_L5_n_converted_spectra_Pillan_v01.csv
245_20i001tr_S8_S9_L7_n_converted_spectra_Girru_Patera_v01,Girru Patera GP24,-120.00000000299997,22.0000000001,1999-05-02T19:56:39.00Z,0.766,92.564,PDS converted spectral_radiance,https://pds-atmospheres.nmsu.edu/PDS/data/PDS4/go_nims_io_rad/data_derived/unresolved_night/converted/245_20i001tr_S8_S9_L7_n_converted_spectra_Girru_Patera_v01.csv
246_20i001tr_S12_S13_L10_n_converted_spectra_Marduk_Fluctus_v01,Marduk Fluctus GP8,-150.10000000000002,-28.3999999971,1999-05-02T19:56:39.00Z,0.9446,78.2751,PDS converted spectral_radiance,https://pds-atmospheres.nmsu.edu/PDS/data/PDS4/go_nims_io_rad/data_derived/unresolved_night/converted/246_20i001tr_S12_S13_L10_n_converted_spectra_Marduk_Fluctus_v01.csv
247_20i001tr_S8_S9_L12_n_converted_spectra_Lei-Kung_Fluctus_or_Isum_v01,Lei-Kung Fluctus or Isum GP4,-155.999999999,38.0000000007,1999-05-02T19:56:39.00Z,0.9842,127.341,PDS converted spectral_radiance,https://pds-atmospheres.nmsu.edu/PDS/data/PDS4/go_nims_io_rad/data_derived/unresolved_night/converted/247_20i001tr_S8_S9_L12_n_converted_spectra_Lei-Kung_Fluctus_or_Isum_v01.csv
248_22i001tr_S10_S11_L11_n_converted_spectra_Loki_Patera_v01,Loki Patera,-51.20000000099998,12.6999999992,1999-08-12T04:43:36.00Z,1.0117,2458.86,PDS converted spectral_radiance,https://pds-atmospheres.nmsu.edu/PDS/data/PDS4/go_nims_io_rad/data_derived/unresolved_night/converted/248_22i001tr_S10_S11_L11_n_converted_spectra_Loki_Patera_v01.csv
249_26i001tr_S7_S8_L142_n_converted_spectra_Loki_Patera_v01,Loki Patera,-51.20000000099998,12.6999999992,2000-01-04T11:18:20.00Z,0.587,18354.3,PDS converted spectral_radiance,https://pds-atmospheres.nmsu.edu/PDS/data/PDS4/go_nims_io_rad/data_derived/unresolved_night/converted/249_26i001tr_S7_S8_L142_n_converted_spectra_Loki_Patera_v01.csv
250_29i001tr_S11_S12_L67_n_converted_spectra_Shamshu_Patera_v01,Shamshu Patera,63.59999999889999,-9.79999999981,2000-12-28T23:17:50.00Z,1.3128,26.0016,PDS converted spectral_radiance,https://pds-atmospheres.nmsu.edu/PDS/data/PDS4/go_nims_io_rad/data_derived/unresolved_night/converted/250_29i001tr_S11_S12_L67_n_converted_spectra_Shamshu_Patera_v01.csv
