"source_id","name","latitude","longitude_west_360","longitude","jiram_detections_by_orbit","max_spectral_radiance_gw_um","max_unsaturated_spectral_radiance_gw_um","avg_unsaturated_spectral_radiance_gw_um","min_unsaturated_spectral_radiance_gw_um","earlier_detections","notes","source"
"JRM001","Nusku Patera","-63.3","3.9","-3.9","5, 9, 10, 25o, 27o, 32o, 35, 37o","0.736074893","0.736074893","0.474187629","0.363464739","NIMS, deKleer2019","","Davies et al. 2024 Nature Astronomy Supplementary Table S1; Juno JIRAM PJ5-PJ43"
"JRM002","JRM002","14.7","4.4","-4.4","5, 9, 11, 17, 20, 26, 41","0.782914073","0.782914073","0.228340737","0.046816974","NIMS","","Davies et al. 2024 Nature Astronomy Supplementary Table S1; Juno JIRAM PJ5-PJ43"
"JRM003","Mbali Patera","-33.6","5.5","-5.5","5, 9 , 20, 32o","0.986851515","0.986851515","0.204113874","0.056932884","NIMS","","Davies et al. 2024 Nature Astronomy Supplementary Table S1; Juno JIRAM PJ5-PJ43"
"JRM004","PV179","-11.9","6.9","-6.9","5, 17, 18, 20, 26, 27i, 27o, 32o, 41","11.34754422","5.741739244","1.143022563","0.299197911","NIMS, Cantrall2018","","Davies et al. 2024 Nature Astronomy Supplementary Table S1; Juno JIRAM PJ5-PJ43"
"JRM005","JRM005","12.8","11.7","-11.7","17","0.053210624","0.053210624","0.053210624","0.053210624","","","Davies et al. 2024 Nature Astronomy Supplementary Table S1; Juno JIRAM PJ5-PJ43"
"JRM006","Gauwa Patera","35.6","11.9","-11.9","5, 9, 11, 17, 18, 20, 24, 25i, 26, 27i, 41, 43","1.86425895","1.86425895","0.622847761","0.261631815","LEISA","Name approved by IAU Mar 2023","Davies et al. 2024 Nature Astronomy Supplementary Table S1; Juno JIRAM PJ5-PJ43"
"JRM007","PV187","-3.1","12.4","-12.4","20","0.078593442","0.078593442","0.078593442","0.078593442","NIMS","","Davies et al. 2024 Nature Astronomy Supplementary Table S1; Juno JIRAM PJ5-PJ43"
"JRM008","Ukko Patera","30.5","18.1","-18.1","17, 20, 27i","0.09023025","0.09023025","0.066315351","0.038988628","NIMS, Cantrall2018","","Davies et al. 2024 Nature Astronomy Supplementary Table S1; Juno JIRAM PJ5-PJ43"
"JRM009","PV189","18.9","20.7","-20.7","17, 20, 27i, 41","0.12716354","0.12716354","0.083868443","0.012961927","","","Davies et al. 2024 Nature Astronomy Supplementary Table S1; Juno JIRAM PJ5-PJ43"
"JRM010","Uta Patera","-35.8","22.4","-22.4","5, 9, 10, 11, 18, 25o, 26, 27i, 27o, 32o, 35, 37o","19.52846998","18.70007497","17.76722968","3.940507481","NIMS, Cantrall2018","","Davies et al. 2024 Nature Astronomy Supplementary Table S1; Juno JIRAM PJ5-PJ43"
"JRM011","JRM011","23.8","23.2","-23.2","17","0.186747485","0.186747485","0.186747485","0.186747485","NIMS?","","Davies et al. 2024 Nature Astronomy Supplementary Table S1; Juno JIRAM PJ5-PJ43"
"JRM012","JRM012","4.6","23.4","-23.4","5, 17, 20, 27i, 41","0.260702747","0.260702747","0.111071139","0.031187564","NIMS, Cantrall2018","","Davies et al. 2024 Nature Astronomy Supplementary Table S1; Juno JIRAM PJ5-PJ43"
"JRM013","JRM013","-18.1","24","-24","18, 20, 25o, 26, 27i, 32o, 35, 37o, 41","11.46228792","9.614859843","5.504983329","0.769910635","NIMS?","","Davies et al. 2024 Nature Astronomy Supplementary Table S1; Juno JIRAM PJ5-PJ43"
"JRM014","JRM014","41.4","24.6","-24.6","17, 20, 25i, 27i","0.166503678","0.166503678","0.06599667","0.022559377","","","Davies et al. 2024 Nature Astronomy Supplementary Table S1; Juno JIRAM PJ5-PJ43"
"JRM015","JRM015","51.3","26.5","-26.5","17, 27i, 41","0.040147255","0.040147255","0.036059385","0.012079939","","","Davies et al. 2024 Nature Astronomy Supplementary Table S1; Juno JIRAM PJ5-PJ43"
"JRM016","JRM016","20.9","28.6","-28.6","17, 20, 26, 27i, 41","1.979926707","1.979926707","0.395118944","0.06380916","","","Davies et al. 2024 Nature Astronomy Supplementary Table S1; Juno JIRAM PJ5-PJ43"
"JRM264","JRM264","69","29.3","-29.3","43","0.056297509","0.056297509","0.056297509","0.056297509","","Close to JRM017","Davies et al. 2024 Nature Astronomy Supplementary Table S1; Juno JIRAM PJ5-PJ43"
"JRM018","Hatchawa Patera","-59.5","31.4","-31.4","5, 35","0.172586803","0.172586803","0.132628068","0.092669333","","","Davies et al. 2024 Nature Astronomy Supplementary Table S1; Juno JIRAM PJ5-PJ43"
"JRM017","JRM017","67.7","31.5","-31.5","11, 16, 17, 18, 24, 25i, 26, 27i, 41, 43","3.380378276","3.380378276","0.3271135","0.197612482","","","Davies et al. 2024 Nature Astronomy Supplementary Table S1; Juno JIRAM PJ5-PJ43"
"JRM019","Kanehekili","-18.1","33.1","-33.1","5, 9, 10, 11, 17, 18, 20, 26, 27i, 32o","3.788374908","2.153457204","1.080338373","0.289454012","NIMS, LEISA, Cantrall2018","","Davies et al. 2024 Nature Astronomy Supplementary Table S1; Juno JIRAM PJ5-PJ43"
"JRM020","JRM020","8.3","34.2","-34.2","20","0.312796875","0.312796875","0.312796875","0.312796875","","","Davies et al. 2024 Nature Astronomy Supplementary Table S1; Juno JIRAM PJ5-PJ43"
"JRM021","P245","31.9","34.7","-34.7","11, 17, 18, 20, 24, 25i, 26, 27i, 41, 43","4.123269307","4.123269307","1.24573276","0.046758672","","","Davies et al. 2024 Nature Astronomy Supplementary Table S1; Juno JIRAM PJ5-PJ43"
"JRM022","PFd1731","-27.7","38.2","-38.2","11, 17, 18, 20, 26, 27i, 32o, 35","5.431135377","3.79231949","0.799087917","0.155520115","NIMS, deKleer2019","","Davies et al. 2024 Nature Astronomy Supplementary Table S1; Juno JIRAM PJ5-PJ43"
"JRM023","Janus Patera","-4.6","38.9","-38.9","5, 9, 10, 11, 17, 18, 20, 25o, 26, 27i, 32o, 35, 37o, 41","29.12480813","29.12480813","6.587935811","2.064829124","NIMS, LEISA, Cantrall2018","","Davies et al. 2024 Nature Astronomy Supplementary Table S1; Juno JIRAM PJ5-PJ43"
"JRM024","PFu1410","57","39.8","-39.8","11, 17, 18, 25i, 26, 27i, 41, 43","0.393605608","0.393605608","0.27921811","0.170577013","","","Davies et al. 2024 Nature Astronomy Supplementary Table S1; Juno JIRAM PJ5-PJ43"
"JRM025","JRM025","16.6","42.1","-42.1","5, 17, 20, 27i, 41","2.868276546","2.868276546","0.447050727","0.119564004","","","Davies et al. 2024 Nature Astronomy Supplementary Table S1; Juno JIRAM PJ5-PJ43"
"JRM026","JRM026","6.5","43.3","-43.3","20","0.391398285","0.391398285","0.391398285","0.391398285","","","Davies et al. 2024 Nature Astronomy Supplementary Table S1; Juno JIRAM PJ5-PJ43"
"JRM027","JRM027","41.3","43.5","-43.5","11, 17","2.146503138","2.146503138","2.035682659","1.92486218","","","Davies et al. 2024 Nature Astronomy Supplementary Table S1; Juno JIRAM PJ5-PJ43"
"JRM028","JRM028","-30.5","44.5","-44.5","5","0.375927329","0.375927329","0.375927329","0.375927329","NIMS?","","Davies et al. 2024 Nature Astronomy Supplementary Table S1; Juno JIRAM PJ5-PJ43"
"JRM029","PFu1239","38.7","45.2","-45.2","16, 17, 18, 20, 25i, 26, 27i, 41","0.239966067","0.239966067","0.134727029","0.062419142","","","Davies et al. 2024 Nature Astronomy Supplementary Table S1; Juno JIRAM PJ5-PJ43"
"JRM030","N Lei-Zi Fluctus","22.3","47.3","-47.3","11, 16, 17, 18, 20, 26, 27i, 41, 43","6.832010777","0.48962293","0.25671697","0.064986191","NIMS","","Davies et al. 2024 Nature Astronomy Supplementary Table S1; Juno JIRAM PJ5-PJ43"
"JRM031","Gurzil Patera","50.3","48","-48","17, 18, 20, 24, 25i, 26, 27i, 41, 43","6.780607541","6.386395322","2.511486372","0.412461813","","Name approved by IAU Mar 2023","Davies et al. 2024 Nature Astronomy Supplementary Table S1; Juno JIRAM PJ5-PJ43"
"JRM032","JRM032","-50","48.1","-48.1","37o","8.927392517","8.927392517","8.927392517","8.927392517","","","Davies et al. 2024 Nature Astronomy Supplementary Table S1; Juno JIRAM PJ5-PJ43"
"JRM033","JRM033","17.2","48.4","-48.4","17, 20, 26, 27i, 41","0.343382556","0.343382556","0.126221469","0.034426476","","","Davies et al. 2024 Nature Astronomy Supplementary Table S1; Juno JIRAM PJ5-PJ43"
"JRM034","PFu374","-24","49.7","-49.7","5, 17, 20, 26, 27i, 32o, 35","2.381876983","2.381876983","0.404692661","0.18041525","Cantrall2018","","Davies et al. 2024 Nature Astronomy Supplementary Table S1; Juno JIRAM PJ5-PJ43"
"JRM035","JRM035","42.4","51.4","-51.4","17, 26, 27i, 41","0.257657222","0.257657222","0.104303717","0.08630776","","","Davies et al. 2024 Nature Astronomy Supplementary Table S1; Juno JIRAM PJ5-PJ43"
"JRM036","JRM036","-1.4","52","-52","27i","3.952275262","3.952275262","3.952275262","3.952275262","","","Davies et al. 2024 Nature Astronomy Supplementary Table S1; Juno JIRAM PJ5-PJ43"
"JRM037","JRM037","-8.4","52.2","-52.2","17, 18, 20, 26, 27i, 32o, 35, 41","0.69650179","0.69650179","0.27910431","0.104842716","","","Davies et al. 2024 Nature Astronomy Supplementary Table S1; Juno JIRAM PJ5-PJ43"
"JRM038","JRM038","70.6","52.7","-52.7","41, 43","0.613192696","0.613192696","0.41172642","0.210260144","","","Davies et al. 2024 Nature Astronomy Supplementary Table S1; Juno JIRAM PJ5-PJ43"
"JRM039","Masubi","-44.8","55.1","-55.1","5, 9, 10, 11, 20, 25o, 27i, 27o, 32o, 35, 37o","146.8995314","11.53406996","7.926259198","4.137565117","NIMS, LEISA, Cantrall2018","","Davies et al. 2024 Nature Astronomy Supplementary Table S1; Juno JIRAM PJ5-PJ43"
"JRM040","JRM040","26.1","57.7","-57.7","11, 17, 18, 20, 26, 27i, 41, 43","0.208840729","0.208840729","0.141747366","0.06299988","","","Davies et al. 2024 Nature Astronomy Supplementary Table S1; Juno JIRAM PJ5-PJ43"
"JRM041","JRM041","52.2","59.8","-59.8","41, 43","0.0377249","0.0377249","0.029708401","0.021691901","","","Davies et al. 2024 Nature Astronomy Supplementary Table S1; Juno JIRAM PJ5-PJ43"
"JRM042","Kotar Patera","10.6","61","-61","5, 9, 11, 16, 17, 18, 20, 26, 27i, 41, 43","5.531267683","5.531267683","2.474255105","1.786142776","NIMS, deKleer2019","","Davies et al. 2024 Nature Astronomy Supplementary Table S1; Juno JIRAM PJ5-PJ43"
"JRM043","Shamshu Patera","-10.3","62.8","-62.8","5, 9, 11, 17, 18, 20, 26, 27i, 32o, 35","4.951815095","4.951815095","2.323696935","0.361515356","NIMS, deKleer2019","","Davies et al. 2024 Nature Astronomy Supplementary Table S1; Juno JIRAM PJ5-PJ43"
"JRM044","P232?","18.8","63.1","-63.1","16, 17, 18, 20, 26, 27i, 41","0.229203235","0.229203235","0.146845956","0.041345762","","","Davies et al. 2024 Nature Astronomy Supplementary Table S1; Juno JIRAM PJ5-PJ43"
"JRM045","P213","-26.5","63.8","-63.8","5, 17, 27i","0.20974499","0.20974499","0.14578341","0.122935135","","","Davies et al. 2024 Nature Astronomy Supplementary Table S1; Juno JIRAM PJ5-PJ43"
"JRM046","Tonatiuh B","56.5","65.5","-65.5","7, 11, 16, 17, 18, 24, 25i, 26, 27i, 41, 43","16.18786879","4.565713738","3.163947043","1.156162582","Cantrall2018","Name approved by IAU Mar 2023. Eastern end of Tonatiuh","Davies et al. 2024 Nature Astronomy Supplementary Table S1; Juno JIRAM PJ5-PJ43"
"JRM047","P203","-49.3","71.8","-71.8","9, 32o, 35","0.583714184","0.583714184","0.335752614","0.330460516","NIMS, deKleer2019","","Davies et al. 2024 Nature Astronomy Supplementary Table S1; Juno JIRAM PJ5-PJ43"
"JRM048","JRM048","-83","73","-73","10, 25o, 27o, 32o, 35, 37o","5.814549562","5.814549562","2.19811036","0.026588997","","","Davies et al. 2024 Nature Astronomy Supplementary Table S1; Juno JIRAM PJ5-PJ43"
"JRM256","Zal Patera B","39.9","73.1","-73.1","25i, 41, 43","5.853512373","5.853512373","0.414739623","0.341070734","NIMS","Close to JRM050","Davies et al. 2024 Nature Astronomy Supplementary Table S1; Juno JIRAM PJ5-PJ43"
"JRM049","P183","34.5","74.5","-74.5","17, 18, 26, 41, 43","0.558879538","0.558879538","0.340582901","0.009051998","NIMS","Close to JRM050","Davies et al. 2024 Nature Astronomy Supplementary Table S1; Juno JIRAM PJ5-PJ43"
"JRM051","P233","21.1","75.3","-75.3","11, 16, 17, 18, 20, 26, 27i, 41, 43","0.468466375","0.468466375","0.323216934","0.142790954","NIMS, LEISA","","Davies et al. 2024 Nature Astronomy Supplementary Table S1; Juno JIRAM PJ5-PJ43"
"JRM052","P212","-26.5","75.5","-75.5","17, 20","0.497371878","0.497371878","0.361798957","0.226226035","","","Davies et al. 2024 Nature Astronomy Supplementary Table S1; Juno JIRAM PJ5-PJ43"
"JRM053","Tawhaki Patera","2.9","75.8","-75.8","5, 9, 11, 16, 17, 18, 20, 26, 27i, 35, 41","16.94971764","5.954251506","3.440371357","0.954433485","NIMS, LEISA, Cantrall2018","","Davies et al. 2024 Nature Astronomy Supplementary Table S1; Juno JIRAM PJ5-PJ43"
"JRM054","P185","-13.6","75.9","-75.9","16, 17, 18, 27i","0.402250018","0.402250018","0.208182778","0.06520556","NIMS","","Davies et al. 2024 Nature Astronomy Supplementary Table S1; Juno JIRAM PJ5-PJ43"
"JRM050","Zal Patera A","39.1","76.3","-76.3","7, 11, 16, 17, 18, 20, 25i, 26, 27i, 41, 43","14.43130284","10.57258128","8.844007973","3.673210608","NIMS, LEISA, Cantrall2018","","Davies et al. 2024 Nature Astronomy Supplementary Table S1; Juno JIRAM PJ5-PJ43"
"JRM055","Tonatiuh C","52","77.8","-77.8","7, 11, 17, 18, 25i, 27i, 41, 43","18.02554255","4.120946163","2.431883634","1.428485104","","Name approved by IAU Mar 2023. Center hotspot of Tonatiuh","Davies et al. 2024 Nature Astronomy Supplementary Table S1; Juno JIRAM PJ5-PJ43"
"JRM056","P224","-19.5","82.6","-82.6","5, 16, 17, 18, 26, 35","10.45805044","10.45805044","0.678502866","0.267948968","NIMS, Cantrall2018","","Davies et al. 2024 Nature Astronomy Supplementary Table S1; Juno JIRAM PJ5-PJ43"
"JRM057","Tonatiuh A","51.6","84.4","-84.4","16, 17, 18, 24, 25i, 26, 27i, 41, 43","21.71931885","8.351726939","6.760855999","6.689347448","","Name approved by IAU Mar 2023. Western end of Tonatiuh. Radiance on 16 and 26 includes Tonatiuh C","Davies et al. 2024 Nature Astronomy Supplementary Table S1; Juno JIRAM PJ5-PJ43"
"JRM058","P225","-11.3","84.7","-84.7","17, 18","0.142071959","0.142071959","0.132802894","0.123533828","NIMS","","Davies et al. 2024 Nature Astronomy Supplementary Table S1; Juno JIRAM PJ5-PJ43"
"JRM059","E Ekhi","-29.2","86.3","-86.3","9, 10, 17, 18","1.690942374","1.690942374","0.526490915","0.260624656","NIMS?","","Davies et al. 2024 Nature Astronomy Supplementary Table S1; Juno JIRAM PJ5-PJ43"
"JRM060","Verbti Patera","37.7","87.6","-87.6","17, 28, 26, 41, 43","0.578292588","0.578292588","0.493553809","0.375456181","NIMS","Name approved by IAU Mar 2023","Davies et al. 2024 Nature Astronomy Supplementary Table S1; Juno JIRAM PJ5-PJ43"
"JRM061","Estan Patera","21.6","87.7","-87.7","17, 18, 41, 43","0.526353493","0.526353493","0.334741411","0.184219853","NIMS, Cantrall2018","","Davies et al. 2024 Nature Astronomy Supplementary Table S1; Juno JIRAM PJ5-PJ43"
"JRM062","P223","-19.5","88.2","-88.2","17","0.087233462","0.087233462","0.087233462","0.087233462","NIMS","","Davies et al. 2024 Nature Astronomy Supplementary Table S1; Juno JIRAM PJ5-PJ43"
"JRM063","Gish Bar Patera","15.6","89.7","-89.7","7, 11, 16, 17, 18, 20, 26, 27i, 41, 43","8.533474667","7.784290523","2.855793895","0.684189932","NIMS, Cantrall2018","","Davies et al. 2024 Nature Astronomy Supplementary Table S1; Juno JIRAM PJ5-PJ43"
"JRM064","Asis Patera","44.1","92.1","-92.1","7, 11, 16, 17, 18, 25i, 26, 27i, 41, 43","13.54322879","2.198354283","1.501281334","1.027821987","NIMS, Cantrall2018","Name approved by IAU Mar 2023","Davies et al. 2024 Nature Astronomy Supplementary Table S1; Juno JIRAM PJ5-PJ43"
"JRM065","P207","-37.2","93.2","-93.2","27o, 35","1.106440049","1.106440049","0.938973709","0.771507368","NIMS, Cantrall2018","","Davies et al. 2024 Nature Astronomy Supplementary Table S1; Juno JIRAM PJ5-PJ43"
"JRM066","Pajonn Patera","83.5","93.3","-93.3","7, 11, 16, 17, 18, 24, 25i, 26, 27i, 32i, 41, 43","0.585332641","0.585332641","0.311026651","0.125203884","NIMS","Name approved by IAU Mar 2023","Davies et al. 2024 Nature Astronomy Supplementary Table S1; Juno JIRAM PJ5-PJ43"
"JRM067","P226","6","97.3","-97.3","16, 17, 18, 20, 26, 27i, 35, 41","2.700550773","2.700550773","0.877938916","0.203744998","NIMS, Cantrall2018?","","Davies et al. 2024 Nature Astronomy Supplementary Table S1; Juno JIRAM PJ5-PJ43"
"JRM068","Sigurd Patera","-5.9","97.9","-97.9","16, 17, 18","0.755173714","0.755173714","0.716443665","0.638472744","NIMS, Cantrall2018","","Davies et al. 2024 Nature Astronomy Supplementary Table S1; Juno JIRAM PJ5-PJ43"
"JRM069","Shango Patera","33.8","98.6","-98.6","7, 11, 16, 17, 18, 20, 26, 27i, 41, 43","4.64778359","4.64778359","1.894884107","0.884955084","NIMS, Cantrall2018","","Davies et al. 2024 Nature Astronomy Supplementary Table S1; Juno JIRAM PJ5-PJ43"
"JRM070","Itzamna Patera","-16.2","99.1","-99.1","16, 17, 18, 35","2.240252836","2.240252836","2.065500327","1.212662581","NIMS, Cantrall2018","","Davies et al. 2024 Nature Astronomy Supplementary Table S1; Juno JIRAM PJ5-PJ43"
"JRM071","Arusha Patera","-39.1","101.3","-101.3","9, 10, 16, 27i, 35","12.15274532","3.663740135","1.720024788","1.545020833","NIMS, deKleer2019","","Davies et al. 2024 Nature Astronomy Supplementary Table S1; Juno JIRAM PJ5-PJ43"
"JRM072","Catha Patera","-53.8","101.4","-101.4","5, 9, 10, 25o, 27o, 32o, 35","1.519695462","1.519695462","1.315841422","0.77742475","NIMS, Cantrall2018","","Davies et al. 2024 Nature Astronomy Supplementary Table S1; Juno JIRAM PJ5-PJ43"
"JRM266","PV2","-25.1","101.5","-101.5","16","0.074110467","0.074110467","0.074110467","0.074110467","","","Davies et al. 2024 Nature Astronomy Supplementary Table S1; Juno JIRAM PJ5-PJ43"
"JRM073","Monan Patera","19.6","104.7","-104.7","7, 16, 17, 18, 26, 27i, 41, 43","3.406889157","3.406889157","2.292590901","0.732185775","NIMS","","Davies et al. 2024 Nature Astronomy Supplementary Table S1; Juno JIRAM PJ5-PJ43"
"JRM074","Ah Peku Patera","10.4","106.9","-106.9","16, 17, 18, 26, 41, 43","1.828045806","1.828045806","0.65951472","0.205044527","NIMS","","Davies et al. 2024 Nature Astronomy Supplementary Table S1; Juno JIRAM PJ5-PJ43"
"JRM075","P197","-47.4","108.7","-108.7","10","0.648349087","0.648349087","0.648349087","0.648349087","NIMS, Cantrall2018","","Davies et al. 2024 Nature Astronomy Supplementary Table S1; Juno JIRAM PJ5-PJ43"
"JRM076","P216","-9.2","108.8","-108.8","16, 17, 35","0.429920863","0.429920863","0.086183659","0.057264407","NIMS?","","Davies et al. 2024 Nature Astronomy Supplementary Table S1; Juno JIRAM PJ5-PJ43"
"JRM077","Amirani A","21.8","114.8","-114.8","7, 11, 16, 17, 18, 26, 41, 43","15.368286","15.368286","13.45422254","6.24880329","NIMS, LEISA, Cantrall2018","","Davies et al. 2024 Nature Astronomy Supplementary Table S1; Juno JIRAM PJ5-PJ43"
"JRM078","Amirani B (P235?)","30.5","115.2","-115.2","17, 18, 41, 43","0.293378841","0.293378841","0.208071786","0.113578188","NIMS","Close to JRM077","Davies et al. 2024 Nature Astronomy Supplementary Table S1; Juno JIRAM PJ5-PJ43"
"JRM257","Amirani C (P61?)","18.4","117.3","-117.3","43","2.135243728","2.135243728","2.135243728","2.135243728","NIMS","Close to JRM077","Davies et al. 2024 Nature Astronomy Supplementary Table S1; Juno JIRAM PJ5-PJ43"
"JRM079","Tvashtar B (P155)","59.3","118","-118","7, 16, 41, 43","0.208353593","0.208353593","0.135225035","0.070601413","NIMS","Close to JRM084","Davies et al. 2024 Nature Astronomy Supplementary Table S1; Juno JIRAM PJ5-PJ43"
"JRM080","Dusura Patera","37.2","118.9","-118.9","16, 17, 18, 26, 41, 43","46.91220084","3.243808468","1.121161196","0.125674886","NIMS, Cantrall2018","","Davies et al. 2024 Nature Astronomy Supplementary Table S1; Juno JIRAM PJ5-PJ43"
"JRM081","Emakong Patera","-3.4","119.8","-119.8","16, 17, 18","0.172501404","0.172501404","0.144055092","0.091802088","NIMS","","Davies et al. 2024 Nature Astronomy Supplementary Table S1; Juno JIRAM PJ5-PJ43"
"JRM082","P193","-54.7","120.1","-120.1","9, 10, 27o, 35","2.179357026","2.179357026","0.650674119","0.166013303","NIMS, LEISA, Cantrall2018?","","Davies et al. 2024 Nature Astronomy Supplementary Table S1; Juno JIRAM PJ5-PJ43"
"JRM083","Tvashtar C (P156)","60.9","120.3","-120.3","41, 43","0.035290408","0.035290408","0.026427738","0.017565068","NIMS","Close to JRM084","Davies et al. 2024 Nature Astronomy Supplementary Table S1; Juno JIRAM PJ5-PJ43"
"JRM084","Tvashtar A","62.8","123.5","-123.5","7, 11, 16, 17, 18, 24, 25i, 26, 27i, 37i, 41, 43","21.76269603","5.592564106","2.566189346","0.521339658","NIMS, LEISA, Cantrall2018","","Davies et al. 2024 Nature Astronomy Supplementary Table S1; Juno JIRAM PJ5-PJ43"
"JRM085","Maui Patera","16.4","124","-124","16, 17, 18, 41, 43","0.773780445","0.773780445","0.620114357","0.085562475","NIMS","","Davies et al. 2024 Nature Astronomy Supplementary Table S1; Juno JIRAM PJ5-PJ43"
"JRM261","Tvashtar D","66.2","124.4","-124.4","43","0.128194565","0.128194565","0.128194565","0.128194565","NIMS","Close to JRM084","Davies et al. 2024 Nature Astronomy Supplementary Table S1; Juno JIRAM PJ5-PJ43"
"JRM086","P52","2","124.6","-124.6","17","0.059471675","0.059471675","0.059471675","0.059471675","NIMS","","Davies et al. 2024 Nature Astronomy Supplementary Table S1; Juno JIRAM PJ5-PJ43"
"JRM262","JRM262","70.5","125.4","-125.4","43","0.020393038","0.020393038","0.020393038","0.020393038","","","Davies et al. 2024 Nature Astronomy Supplementary Table S1; Juno JIRAM PJ5-PJ43"
"JRM087","P95","-12","128","-128","16, 17, 35","6.73802689","6.73802689","0.609446344","0.074949264","NIMS, deKleer2019","","Davies et al. 2024 Nature Astronomy Supplementary Table S1; Juno JIRAM PJ5-PJ43"
"JRM088","Malik Patera","-34.6","128.9","-128.9","10, 16, 27o, 35","21.25452457","5.993667342","5.398695305","1.436655298","NIMS, LEISA, Cantrall2018","","Davies et al. 2024 Nature Astronomy Supplementary Table S1; Juno JIRAM PJ5-PJ43"
"JRM259","JRM259","1.3","129.5","-129.5","18, 43","13.08960892","13.08960892","6.577772902","0.065936882","","","Davies et al. 2024 Nature Astronomy Supplementary Table S1; Juno JIRAM PJ5-PJ43"
"JRM089","P239","31.6","130.3","-130.3","17, 43","0.079867774","0.079867774","0.066836891","0.053806009","","","Davies et al. 2024 Nature Astronomy Supplementary Table S1; Juno JIRAM PJ5-PJ43"
"JRM090","Yeloje Patera A","20","131.5","-131.5","7, 16, 17, 18, 41, 43","4.005470451","1.854469713","0.931004109","0.074327512","NIMS, deKleer2019","Name approved by IAU Mar 2023","Davies et al. 2024 Nature Astronomy Supplementary Table S1; Juno JIRAM PJ5-PJ43"
"JRM091","Yeloje Patera B","20.7","133","-133","41","0.731834716","0.731834716","0.731834716","0.731834716","","Close to JRM090, Name approved by IAU Mar 2023","Davies et al. 2024 Nature Astronomy Supplementary Table S1; Juno JIRAM PJ5-PJ43"
"JRM092","JRM092","-2.5","133.2","-133.2","16, 17","0.252992459","0.252992459","0.193322221","0.133651984","NIMS?","","Davies et al. 2024 Nature Astronomy Supplementary Table S1; Juno JIRAM PJ5-PJ43"
"JRM093","Tien Mu Patera","11.9","134.3","-134.3","16, 17","0.128753","0.128753","0.09864685","0.068540701","NIMS","","Davies et al. 2024 Nature Astronomy Supplementary Table S1; Juno JIRAM PJ5-PJ43"
"JRM094","Thor","40","134.5","-134.5","7, 16, 17, 18, 25i, 26, 41, 43","3.014187383","3.014187383","2.225554799","1.426911789","NIMS, LEISA, Cantrall2018","","Davies et al. 2024 Nature Astronomy Supplementary Table S1; Juno JIRAM PJ5-PJ43"
"JRM251","P165","5.2","135.8","-135.8","16","0.043485869","0.043485869","0.043485869","0.043485869","NIMS","","Davies et al. 2024 Nature Astronomy Supplementary Table S1; Juno JIRAM PJ5-PJ43"
"JRM258","Camaxtli Patera","15.3","136.8","-136.8","43","0.142817","0.142817","0.142817","0.142817","NIMS","","Davies et al. 2024 Nature Astronomy Supplementary Table S1; Juno JIRAM PJ5-PJ43"
"JRM095","P63","35.3","137.3","-137.3","7, 16, 17, 18, 25i, 41, 43","1.935826928","1.935826928","0.892895717","0.466577074","NIMS","","Davies et al. 2024 Nature Astronomy Supplementary Table S1; Juno JIRAM PJ5-PJ43"
"JRM096","Ruaomoko Patera","14.5","139.6","-139.6","16","0.099958592","0.099958592","0.099958592","0.099958592","NIMS","","Davies et al. 2024 Nature Astronomy Supplementary Table S1; Juno JIRAM PJ5-PJ43"
"JRM097","Tupan Patera","-18.9","141.1","-141.1","7, 16, 17, 27o, 35","26.65878906","26.65878906","4.950433954","2.956252594","NIMS, LEISA, Cantrall2018","","Davies et al. 2024 Nature Astronomy Supplementary Table S1; Juno JIRAM PJ5-PJ43"
"JRM098","P151","39.2","141.4","-141.4","16, 17, 41, 43","0.508606596","0.508606596","0.213025288","0.09409478","NIMS","","Davies et al. 2024 Nature Astronomy Supplementary Table S1; Juno JIRAM PJ5-PJ43"
"JRM099","Mixcoatl Fluctus","-45.8","141.5","-141.5","10, 16, 25o, 27o, 35","13.0784212","13.0784212","4.740480797","1.583069025","NIMS?, Cantrall2018","","Davies et al. 2024 Nature Astronomy Supplementary Table S1; Juno JIRAM PJ5-PJ43"
"JRM100","PV3","60.5","143.4","-143.4","7, 16, 25i, 41, 43","0.548867024","0.548867024","0.142853178","0.076502801","NIMS","","Davies et al. 2024 Nature Astronomy Supplementary Table S1; Juno JIRAM PJ5-PJ43"
"JRM101","E. Surya","22.3","145.6","-145.6","7, 16, 17, 18, 41, 43","1.409561451","1.409561451","0.742762571","0.301630156","NIMS, Cantrall2018","","Davies et al. 2024 Nature Astronomy Supplementary Table S1; Juno JIRAM PJ5-PJ43"
"JRM102","Arinna Fluctus","31.1","148.6","-148.6","7, 16, 17, 18, 25i, 41, 43","1.022961174","1.022961174","0.642755543","0.401271088","NIMS","","Davies et al. 2024 Nature Astronomy Supplementary Table S1; Juno JIRAM PJ5-PJ43"
"JRM103","Sobo Fluctus","14.1","150.5","-150.5","7, 16, 17, 18","1.136917946","1.136917946","0.920035945","0.625653213","NIMS, Cantrall2018","","Davies et al. 2024 Nature Astronomy Supplementary Table S1; Juno JIRAM PJ5-PJ43"
"JRM104","Shamash Patera","-35.4","152.4","-152.4","10, 16, 27o, 35","1.756231949","1.756231949","1.039191478","0.670479781","NIMS, LEISA, Cantrall2018","","Davies et al. 2024 Nature Astronomy Supplementary Table S1; Juno JIRAM PJ5-PJ43"
"JRM106","Prometheus A","-1.3","152.5","-152.5","7, 16, 17, 43","7.578371942","5.396511671","4.61710746","3.837703249","NIMS, LEISA, Cantrall2018","","Davies et al. 2024 Nature Astronomy Supplementary Table S1; Juno JIRAM PJ5-PJ43"
"JRM105","JRM105","69.2","153.6","-153.6","7, 17, 25i, 41, 43","0.341234233","0.341234233","0.020028672","0.014318748","","","Davies et al. 2024 Nature Astronomy Supplementary Table S1; Juno JIRAM PJ5-PJ43"
"JRM260","Prometheus B","-1.6","155.3","-155.3","43","0.580765208","0.580765208","0.580765208","0.580765208","NIMS","Close to JRM106","Davies et al. 2024 Nature Astronomy Supplementary Table S1; Juno JIRAM PJ5-PJ43"
"JRM253","Chaac Patera","10.6","157","-157","16","0.091305853","0.091305853","0.091305853","0.091305853","NIMS, Cantrall2018","","Davies et al. 2024 Nature Astronomy Supplementary Table S1; Juno JIRAM PJ5-PJ43"
"JRM107","Illyrikon C","-64","157.7","-157.7","10, 27o, 35","0.178531004","0.178531004","0.161380234","0.114739897","","","Davies et al. 2024 Nature Astronomy Supplementary Table S1; Juno JIRAM PJ5-PJ43"
"JRM108","Tohil Patera","-26.3","157.8","-157.8","16, 27o, 35","5.330980387","5.330980387","1.85503568","1.002024103","NIMS","","Davies et al. 2024 Nature Astronomy Supplementary Table S1; Juno JIRAM PJ5-PJ43"
"JRM254","Reshef Patera","27.7","158.3","-158.3","16","0.03339084","0.03339084","0.03339084","0.03339084","NIMS","","Davies et al. 2024 Nature Astronomy Supplementary Table S1; Juno JIRAM PJ5-PJ43"
"JRM109","P243","56.7","161.2","-161.2","7","0.010748391","0.010748391","0.010748391","0.010748391","","","Davies et al. 2024 Nature Astronomy Supplementary Table S1; Juno JIRAM PJ5-PJ43"
"JRM110","Culann Patera","-18.5","161.9","-161.9","7, 10, 16, 27o","7.030581962","7.030581962","5.368999025","3.519886397","NIMS, LEISA, Cantrall2018","","Davies et al. 2024 Nature Astronomy Supplementary Table S1; Juno JIRAM PJ5-PJ43"
"JRM111","JRM111","46","162.6","-162.6","7, 43","0.024629164","0.024629164","0.023799975","0.022970786","","","Davies et al. 2024 Nature Astronomy Supplementary Table S1; Juno JIRAM PJ5-PJ43"
"JRM112","Thomagata Patera","25.5","165.5","-165.5","7","0.052488537","0.052488537","0.052488537","0.052488537","","","Davies et al. 2024 Nature Astronomy Supplementary Table S1; Juno JIRAM PJ5-PJ43"
"JRM252","Michabo Patera","0.9","168.5","-168.5","16","0.02927584","0.02927584","0.02927584","0.02927584","","","Davies et al. 2024 Nature Astronomy Supplementary Table S1; Juno JIRAM PJ5-PJ43"
"JRM113","Volund B","32.6","173.7","-173.7","16, 17, 18, 25i, 37i, 41, 43","9.859967645","8.250800636","2.618288972","1.015535654","NIMS","Two spots in PJ43","Davies et al. 2024 Nature Astronomy Supplementary Table S1; Juno JIRAM PJ5-PJ43"
"JRM114","Volund A","26.5","174","-174","7, 16, 17, 25i, 35i, 37i, 43","7.291559679","4.667067146","2.91230922","2.071602966","NIMS, Cantrall2018","Three spots in PJ43","Davies et al. 2024 Nature Astronomy Supplementary Table S1; Juno JIRAM PJ5-PJ43"
"JRM116","Odqan Patera","-41.9","174.4","-174.4","10, 16, 27o, 32i, 35","0.868348051","0.868348051","0.642518928","0.334619947","NIMS, LEISA, Cantrall2018","","Davies et al. 2024 Nature Astronomy Supplementary Table S1; Juno JIRAM PJ5-PJ43"
"JRM115","Zamama","18.8","174.4","-174.4","7, 16, 17, 25i, 32i, 37i, 43","1.916032986","1.916032986","1.551376953","0.72859346","NIMS, LEISA, Cantrall2018","","Davies et al. 2024 Nature Astronomy Supplementary Table S1; Juno JIRAM PJ5-PJ43"
"JRM117","JRM117","49.5","176","-176","7, 16, 17, 18, 25i, 41, 43","0.103992819","0.103992819","0.066923334","0.021005776","","","Davies et al. 2024 Nature Astronomy Supplementary Table S1; Juno JIRAM PJ5-PJ43"
"JRM118","Wanajo Patera","-59","178.5","-178.5","10, 25o, 27o, 37o","6.355844689","2.581796976","1.856941647","0.274795738","NIMS","","Davies et al. 2024 Nature Astronomy Supplementary Table S1; Juno JIRAM PJ5-PJ43"
"JRM119","Illyrikon A","-74.7","181","179","9, 10, 25o, 27o, 32o, 35, 37o","0.762193263","0.762193263","0.464847667","0.270408042","deKleer2019","","Davies et al. 2024 Nature Astronomy Supplementary Table S1; Juno JIRAM PJ5-PJ43"
"JRM120","P26","-5.9","187.1","172.9","7, 16, 25i, 32i, 37i","1.575211661","1.575211661","1.061162478","0.133437778","Cantrall2018","","Davies et al. 2024 Nature Astronomy Supplementary Table S1; Juno JIRAM PJ5-PJ43"
"JRM263","Fd1280","42.9","188.9","171.1","43","0.025389775","0.025389775","0.025389775","0.025389775","","Close to JRM121","Davies et al. 2024 Nature Astronomy Supplementary Table S1; Juno JIRAM PJ5-PJ43"
"JRM255","JRM255","-26.1","189.8","170.2","16","0.148096445","0.148096445","0.148096445","0.148096445","NIMS?","","Davies et al. 2024 Nature Astronomy Supplementary Table S1; Juno JIRAM PJ5-PJ43"
"JRM121","Fo Patera A","42.7","190.8","169.2","7, 16, 17, 25i, 32i, 37i, 41, 43","0.716022844","0.716022844","0.38170431","0.165732163","NIMS","","Davies et al. 2024 Nature Astronomy Supplementary Table S1; Juno JIRAM PJ5-PJ43"
"JRM123","P77","28","191.5","168.5","7, 16, 17, 25i, 37i, 41, 43","1.30058287","1.30058287","0.687533334","0.317377103","","","Davies et al. 2024 Nature Astronomy Supplementary Table S1; Juno JIRAM PJ5-PJ43"
"JRM122","Fo Patera B","40.8","192.2","167.8","25i, 43","0.233407498","0.233407498","0.187370641","0.141333784","","Close to JRM121","Davies et al. 2024 Nature Astronomy Supplementary Table S1; Juno JIRAM PJ5-PJ43"
"JRM124","Illyrikon B","-79.2","192.3","167.7","10, 35","0.368884515","0.368884515","0.220172002","0.071459488","","","Davies et al. 2024 Nature Astronomy Supplementary Table S1; Juno JIRAM PJ5-PJ43"
"JRM125","P10","1.2","192.6","167.4","37i","0.071539016","0.071539016","0.071539016","0.071539016","","","Davies et al. 2024 Nature Astronomy Supplementary Table S1; Juno JIRAM PJ5-PJ43"
"JRM126","Sethlaus Patera","-52","193.8","166.2","10, 25o, 27o, 35, 37i, 37o","7.624472375","7.624472375","2.545506925","0.941360161","NIMS, LEISA?, deKleer2014?","","Davies et al. 2024 Nature Astronomy Supplementary Table S1; Juno JIRAM PJ5-PJ43"
"JRM127","P139","-62.5","197","163","10","0.088008362","0.088008362","0.088008362","0.088008362","","","Davies et al. 2024 Nature Astronomy Supplementary Table S1; Juno JIRAM PJ5-PJ43"
"JRM128","JRM128","82.5","199.1","160.9","7, 37i, 41, 43","0.158786392","0.158786392","0.057056999","0.030092003","","","Davies et al. 2024 Nature Astronomy Supplementary Table S1; Juno JIRAM PJ5-PJ43"
"JRM129","Rata Patera","-35.4","199.5","160.5","10","0.415914626","0.415914626","0.415914626","0.415914626","NIMS, PPR","","Davies et al. 2024 Nature Astronomy Supplementary Table S1; Juno JIRAM PJ5-PJ43"
"JRM130","JRM130","70.1","201.2","158.8","25i","0.030708969","0.030708969","0.030708969","0.030708969","NIMS?","","Davies et al. 2024 Nature Astronomy Supplementary Table S1; Juno JIRAM PJ5-PJ43"
"JRM131","Gabija Patera","-52","202.3","157.7","10","5.073987733","5.073987733","2.54210158","0.010215427","NIMS, PPR, LEISA?, Cantrall2018?","Could be a detection of JRM249","Davies et al. 2024 Nature Astronomy Supplementary Table S1; Juno JIRAM PJ5-PJ43"
"JRM132","Lei-Kung J","49.4","202.3","157.7","7, 18, 25i","0.413873098","0.413873098","0.090767609","0.066120582","","5.073987733","Davies et al. 2024 Nature Astronomy Supplementary Table S1; Juno JIRAM PJ5-PJ43"
"JRM133","Lei-Kung A","40","202.7","157.3","7, 16, 17, 24, 25i, 32i, 33, 37i, 40, 41, 43","2.345640752","2.345640752","1.363914626","0.158345942","NIMS","","Davies et al. 2024 Nature Astronomy Supplementary Table S1; Juno JIRAM PJ5-PJ43"
"JRM134","Lei-Kung B (P173 or P174)","42.9","203.7","156.3","37i, 41, 43","1.873206764","1.873206764","0.365243019","0.199345462","","","Davies et al. 2024 Nature Astronomy Supplementary Table S1; Juno JIRAM PJ5-PJ43"
"JRM249","P137","-55.8","204.9","155.1","9, 32o, 35, 37o","4.418545345","4.418545345","3.946664928","0.340919707","NIMS, PPR, LEISA?","","Davies et al. 2024 Nature Astronomy Supplementary Table S1; Juno JIRAM PJ5-PJ43"
"JRM135","P24","-3.8","205.1","154.9","16, 25i, 32i, 37i","0.154146757","0.154146757","0.113198792","0.068662929","","","Davies et al. 2024 Nature Astronomy Supplementary Table S1; Juno JIRAM PJ5-PJ43"
"JRM265","NE Isum","32.6","206.4","153.6","7, 24, 25i, 37i, 41, 43","7.858144523","7.858144523","3.958723331","3.419930157","NIMS","Close to JRM137","Davies et al. 2024 Nature Astronomy Supplementary Table S1; Juno JIRAM PJ5-PJ43"
"JRM136","Lei-Kung L","67","206.6","153.4","7, 16, 17, 18, 24, 25i, 26, 37i, 41, 43","0.176044521","0.176044521","0.087132871","0.042236385","NIMS","","Davies et al. 2024 Nature Astronomy Supplementary Table S1; Juno JIRAM PJ5-PJ43"
"JRM137","Isum Patera","29.8","208.5","151.5","16, 24, 25i, 32i, 33, 37i, 40, 43","13.5011614","11.85202639","8.806073479","4.503691589","NIMS, PPR, LEISA, Cantrall2018","","Davies et al. 2024 Nature Astronomy Supplementary Table S1; Juno JIRAM PJ5-PJ43"
"JRM138","Lei-Kung N","38.9","208.9","151.1","37i","0.04403749","0.04403749","0.04403749","0.04403749","","","Davies et al. 2024 Nature Astronomy Supplementary Table S1; Juno JIRAM PJ5-PJ43"
"JRM139","Lei-Kung G","46.8","210.6","149.4","25i, 32i, 33, 37i, 41, 43","0.238212587","0.238212587","0.117871487","0.044580126","NIMS","","Davies et al. 2024 Nature Astronomy Supplementary Table S1; Juno JIRAM PJ5-PJ43"
"JRM140","Marduk A","-24.9","211.3","148.7","7, 10, 16, 25i, 25o, 27o, 32i, 33, 37i, 10","51.80616652","51.80616652","11.26567121","1.54338013","NIMS, LEISA, Cantrall2018","","Davies et al. 2024 Nature Astronomy Supplementary Table S1; Juno JIRAM PJ5-PJ43"
"JRM141","Lei-Kung H (PV13)","43.2","214.4","145.6","7, 16, 17, 24, 25i, 32i, 37i, 41, 43","0.379842262","0.379842262","0.226178165","0.063033034","NIMS","","Davies et al. 2024 Nature Astronomy Supplementary Table S1; Juno JIRAM PJ5-PJ43"
"JRM142","Ot Patera","-1.5","217.1","142.9","7, 16, 24, 25i, 32i, 33, 37i, 40, 43","10.83654322","10.83654322","2.957446198","0.265854794","NIMS, PPR","","Davies et al. 2024 Nature Astronomy Supplementary Table S1; Juno JIRAM PJ5-PJ43"
"JRM143","Mulungu Patera","16.9","217.5","142.5","7, 16, 24, 25i, 32i, 33, 37i, 40, 43","2.356831235","2.356831235","1.733279575","0.955939847","NIMS, PPR?, Cantrall2018","","Davies et al. 2024 Nature Astronomy Supplementary Table S1; Juno JIRAM PJ5-PJ43"
"JRM144","P22","-10.1","217.5","142.5","32i, 37i","0.307062579","0.307062579","0.268899616","0.230736653","NIMS","","Davies et al. 2024 Nature Astronomy Supplementary Table S1; Juno JIRAM PJ5-PJ43"
"JRM145","Marduk B","-26.9","217.6","142.4","25o, 27o, 32i, 33, 35, 37i","25.45371549","25.45371549","12.40830018","5.947808821","","Close to JRM140","Davies et al. 2024 Nature Astronomy Supplementary Table S1; Juno JIRAM PJ5-PJ43"
"JRM146","Kurdalagon Patera","-51.3","217.8","142.2","9, 10, 25o, 27o, 32i, 32o, 33, 35, 37i, 37o, 40","41.41950442","41.41950442","31.72968267","13.72927602","NIMS, PPR, LEISA, Cantrall2018","","Davies et al. 2024 Nature Astronomy Supplementary Table S1; Juno JIRAM PJ5-PJ43"
"JRM147","Susanoo Patera","22.2","219.6","140.4","7, 16, 24, 25i, 32i, 33, 37i, 41, 43","18.14751911","4.12652895","1.228350001","0.621993041","NIMS, PPR?, Cantrall2018?","","Davies et al. 2024 Nature Astronomy Supplementary Table S1; Juno JIRAM PJ5-PJ43"
"JRM148","Lei-Kung E","49.5","219.8","140.2","7, 16, 17, 18, 24, 25i, 26, 32i, 33, 37i, 40, 41, 43","0.758371099","0.758371099","0.417210521","0.193647365","PPR","","Davies et al. 2024 Nature Astronomy Supplementary Table S1; Juno JIRAM PJ5-PJ43"
"JRM149","P171","30.6","220.6","139.4","24, 25i","0.311619122","0.311619122","0.215548418","0.119477715","NIMS","","Davies et al. 2024 Nature Astronomy Supplementary Table S1; Juno JIRAM PJ5-PJ43"
"JRM150","Lei-Kung F","59.8","220.8","139.2","7, 16, 18, 24, 25i, 32i, 37i, 41, 43","0.231104237","0.231104237","0.156549454","0.071026863","NIMS?, PPR","","Davies et al. 2024 Nature Astronomy Supplementary Table S1; Juno JIRAM PJ5-PJ43"
"JRM250","Lei-Kung O","44.6","225.6","134.4","25i","0.054320223","0.054320223","0.054320223","0.054320223","","","Davies et al. 2024 Nature Astronomy Supplementary Table S1; Juno JIRAM PJ5-PJ43"
"JRM152","Wayland Patera","-32.6","225.7","134.3","32i, 37i","0.403607456","0.403607456","0.313311037","0.223014619","NIMS","","Davies et al. 2024 Nature Astronomy Supplementary Table S1; Juno JIRAM PJ5-PJ43"
"JRM153","PFu1128","29.7","229.7","130.3","7, 24, 25i, 32i, 33, 37i, 41, 43","2.391375199","2.391375199","1.426044404","0.74806716","Cantrall2018","","Davies et al. 2024 Nature Astronomy Supplementary Table S1; Juno JIRAM PJ5-PJ43"
"JRM154","P17","-4","230.8","129.2","25i, 32i, 37i, 40","0.988115938","0.988115938","0.168667951","0.112884276","NIMS, PPR, deKleer2019","","Davies et al. 2024 Nature Astronomy Supplementary Table S1; Juno JIRAM PJ5-PJ43"
"JRM155","P13","15.2","231.1","128.9","7, 24, 25i, 32i, 33, 37i, 40, 43","4.526807975","4.526807975","1.35898728","0.38858848","NIMS, deKleer2019","","Davies et al. 2024 Nature Astronomy Supplementary Table S1; Juno JIRAM PJ5-PJ43"
"JRM151","PFd454","-77","232","128","9, 10","0.183883978","0.183883978","0.13271257","0.081541162","NIMS?","","Davies et al. 2024 Nature Astronomy Supplementary Table S1; Juno JIRAM PJ5-PJ43"
"JRM156","Lei-Kung I","44","232.3","127.7","7, 25i, 37i","0.120800149","0.120800149","0.098652614","0.069224219","NIMS","","Davies et al. 2024 Nature Astronomy Supplementary Table S1; Juno JIRAM PJ5-PJ43"
"JRM157","Kami-Nari Patera","-9","234.7","125.3","7, 37i","0.545426022","0.545426022","0.46156887","0.377711718","","Close to JRM158","Davies et al. 2024 Nature Astronomy Supplementary Table S1; Juno JIRAM PJ5-PJ43"
"JRM158","Reiden Patera","-13.4","235.3","124.7","10, 24, 25i, 32i, 37i, 40","3.77160561","3.77160561","0.931892989","0.631104692","NIMS, PPR, LEISA, Cantrall2018","","Davies et al. 2024 Nature Astronomy Supplementary Table S1; Juno JIRAM PJ5-PJ43"
"JRM159","East Girru","22","235.6","124.4","7, 25i, 37i, 41, 43","10.70754612","10.70754612","1.42970628","0.782848629","LEISA, Cantrall2018","","Davies et al. 2024 Nature Astronomy Supplementary Table S1; Juno JIRAM PJ5-PJ43"
"JRM160","Girru Patera","22.5","239.6","120.4","7, 24, 25i, 32i, 33, 37i, 40, 41, 43","8.916318253","6.058814708","4.026149892","1.020536933","NIMS, PPR","","Davies et al. 2024 Nature Astronomy Supplementary Table S1; Juno JIRAM PJ5-PJ43"
"JRM161","Lei-Kung M","72.6","240.5","119.5","25i, 41, 43","0.317535365","0.317535365","0.152800579","0.114514602","","","Davies et al. 2024 Nature Astronomy Supplementary Table S1; Juno JIRAM PJ5-PJ43"
"JRM162","Llew Patera","12","242.1","117.9","7, 24, 25i, 32i, 33, 37i, 40, 43","1.071089291","1.071089291","0.603019506","0.138446288","NIMS, PPR","","Davies et al. 2024 Nature Astronomy Supplementary Table S1; Juno JIRAM PJ5-PJ43"
"JRM163","JRM163","-35.1","242.2","117.8","9, 10, 24, 25o, 27o, 32i, 32o, 33, 35, 37i, 37o, 40","36.16814011","36.16814011","7.361771926","3.826498151","deKleer2019","","Davies et al. 2024 Nature Astronomy Supplementary Table S1; Juno JIRAM PJ5-PJ43"
"JRM164","Pillan Patera","-11.5","242.9","117.1","7, 10, 24, 25i, 27o, 32i, 33, 37i, 40","23.37100052","16.53699971","4.463966998","2.005735035","NIMS, PPR, Cantrall2018","","Davies et al. 2024 Nature Astronomy Supplementary Table S1; Juno JIRAM PJ5-PJ43"
"JRM165","Heiseb Patera","29.7","243.8","116.2","7, 16, 24, 25i, 32i, 37i, 43","0.679409413","0.679409413","0.312286294","0.18466461","NIMS","","Davies et al. 2024 Nature Astronomy Supplementary Table S1; Juno JIRAM PJ5-PJ43"
"JRM166","Olafat Patera","-62.7","244.1","115.9","9, 10, 25o, 27o, 32i, 32o, 33, 35, 37o, 40","2.716991497","2.716991497","1.145295327","0.229462525","NIMS","","Davies et al. 2024 Nature Astronomy Supplementary Table S1; Juno JIRAM PJ5-PJ43"
"JRM167","Lei-Kung D","57.6","247","113","7, 16, 24, 25i, 32i, 37i, 41, 43","0.186206755","0.186206755","0.12552098","0.043290595","","","Davies et al. 2024 Nature Astronomy Supplementary Table S1; Juno JIRAM PJ5-PJ43"
"JRM168","Chors Patera","68.2","249.3","110.7","7, 16, 17, 18, 24, 25i, 26, 32i, 33, 37i, 40, 41, 43","4.349088419","4.273718461","2.056029914","0.714079095","NIMS, PPR, Cantrall2018","","Davies et al. 2024 Nature Astronomy Supplementary Table S1; Juno JIRAM PJ5-PJ43"
"JRM169","PFu1237","38.2","251.1","108.9","7, 16, 25i","1.516370744","1.516370744","0.685873579","0.077447118","","","Davies et al. 2024 Nature Astronomy Supplementary Table S1; Juno JIRAM PJ5-PJ43"
"JRM170","PV27","-38.6","254.2","105.8","25i","0.083435534","0.083435534","0.083435534","0.083435534","deKleer2019","","Davies et al. 2024 Nature Astronomy Supplementary Table S1; Juno JIRAM PJ5-PJ43"
"JRM171","JRM171","18.9","254.2","105.8","32i, 37i","0.198307932","0.198307932","0.160885316","0.1234627","","","Davies et al. 2024 Nature Astronomy Supplementary Table S1; Juno JIRAM PJ5-PJ43"
"JRM172","Lei-Kung K","75.2","255.3","104.7","25i, 37i, 41, 43","0.313633868","0.313633868","0.106588873","0.090394001","","","Davies et al. 2024 Nature Astronomy Supplementary Table S1; Juno JIRAM PJ5-PJ43"
"JRM173","Pele","-19","255.7","104.3","10, 24, 25i, 25o, 27o, 32i, 32o, 33, 35, 37i, 37o, 40","17.43275689","17.31329691","11.34305974","6.362357337","NIMS, PPR, LEISA, Cantrall2018","","Davies et al. 2024 Nature Astronomy Supplementary Table S1; Juno JIRAM PJ5-PJ43"
"JRM174","PV197","-25.7","257.4","102.6","24, 32i, 37i, 37o","2.188828598","2.188828598","1.077962527","1.049287276","","","Davies et al. 2024 Nature Astronomy Supplementary Table S1; Juno JIRAM PJ5-PJ43"
"JRM175","PV32","37.2","259.6","100.4","24, 25i, 32i, 33, 37i, 40, 43","0.217807926","0.217807926","0.1185711","0.019965927","NIMS, PPR","","Davies et al. 2024 Nature Astronomy Supplementary Table S1; Juno JIRAM PJ5-PJ43"
"JRM176","PFu1276","53","263.3","96.7","7, 16, 17, 24, 25i, 32i, 33, 37i, 40, 41, 43","0.863536907","0.863536907","0.4059018","0.241502367","NIMS, PPR","","Davies et al. 2024 Nature Astronomy Supplementary Table S1; Juno JIRAM PJ5-PJ43"
"JRM177","PV34","30.9","263.8","96.2","7, 25i","0.426200285","0.426200285","0.240431223","0.05466216","NIMS","","Davies et al. 2024 Nature Astronomy Supplementary Table S1; Juno JIRAM PJ5-PJ43"
"JRM178","JRM178","-39.4","264.1","95.9","24, 37i","0.870814765","0.870814765","0.467795073","0.06477538","","","Davies et al. 2024 Nature Astronomy Supplementary Table S1; Juno JIRAM PJ5-PJ43"
"JRM179","Shakuru Patera","23.8","265.5","94.5","24, 25i, 32i, 33, 37i, 40, 41, 43","2.746591574","2.746591574","1.355899817","0.408933496","NIMS, PPR, deKleer2019","","Davies et al. 2024 Nature Astronomy Supplementary Table S1; Juno JIRAM PJ5-PJ43"
"JRM180","Svarog Patera","-48.1","265.9","94.1","9, 10, 25o, 32o","3.158341536","3.158341536","1.226278899","0.593988033","NIMS, PPR, deKleer2019","","Davies et al. 2024 Nature Astronomy Supplementary Table S1; Juno JIRAM PJ5-PJ43"
"JRM181","Mithra Patera","-59.6","266.5","93.5","9, 10, 32o, 37o","1.082847537","1.082847537","0.807358916","0.512448203","NIMS, PPR, Cantrall2018","","Davies et al. 2024 Nature Astronomy Supplementary Table S1; Juno JIRAM PJ5-PJ43"
"JRM182","PV194","-54.2","269","91","10, 25o, 27o, 32i, 32o, 33, 35, 37i, 37o, 40","14.00536738","14.00536738","2.40949316","0.201090221","NIMS","Between Svarog and Mithra","Davies et al. 2024 Nature Astronomy Supplementary Table S1; Juno JIRAM PJ5-PJ43"
"JRM183","JRM183","-16","271.5","88.5","9, 10, 25i, 32i, 32o, 37i, 37o, 40","0.257587056","0.257587056","0.159857328","0.088423672","PPR?","","Davies et al. 2024 Nature Astronomy Supplementary Table S1; Juno JIRAM PJ5-PJ43"
"JRM184","Babbar Patera","-39.3","271.6","88.4","9, 10, 24, 25o, 27o, 32i, 32o, 33, 37i, 37o, 40","3.643829845","3.643829845","2.342575661","1.282474041","NIMS, PPR","","Davies et al. 2024 Nature Astronomy Supplementary Table S1; Juno JIRAM PJ5-PJ43"
"JRM185","Lei-Kung C","72.6","272","88","7, 24, 25i, 26, 33, 37i, 41, 43","3.402252556","1.773579677","0.602262787","0.267268389","","","Davies et al. 2024 Nature Astronomy Supplementary Table S1; Juno JIRAM PJ5-PJ43"
"JRM186","Daedalus Patera","19","273.7","86.3","7, 24, 25i, 32i, 33, 37i, 40, 41, 43","7.034249054","4.92383715","0.631452227","0.12222304","NIMS, PPR, Cantrall2018","","Davies et al. 2024 Nature Astronomy Supplementary Table S1; Juno JIRAM PJ5-PJ43"
"JRM187","Tabiti Patera","-7.6","275.3","84.7","10, 24, 25i, 25o, 27o, 32i, 32o, 33, 37i, 37o, 40","10.55912584","7.601232972","3.277219846","0.276603001","NIMS, PPR","Name approved by IAU Apr 2023","Davies et al. 2024 Nature Astronomy Supplementary Table S1; Juno JIRAM PJ5-PJ43"
"JRM188","PV46","7","276.7","83.3","25i, 32i","1.188932121","1.188932121","0.675786935","0.162641749","","Close to JRM190","Davies et al. 2024 Nature Astronomy Supplementary Table S1; Juno JIRAM PJ5-PJ43"
"JRM189","PV47","51.2","277.6","82.4","7, 25i","0.154356548","0.154356548","0.104244343","0.054132138","NIMS, Cantrall2018","","Davies et al. 2024 Nature Astronomy Supplementary Table S1; Juno JIRAM PJ5-PJ43"
"JRM190","PV49","6.6","279.5","80.5","24, 25i, 25o, 33, 37i, 37o, 40","1.03738191","1.03738191","0.364257912","0.137517593","NIMS","","Davies et al. 2024 Nature Astronomy Supplementary Table S1; Juno JIRAM PJ5-PJ43"
"JRM191","Tiwaz Patera","-70.5","280.3","79.7","9, 10, 25o, 27o, 32o, 35, 37o","21.27214588","5.603648058","1.133877717","0.361058344","NIMS","Name approved by IAU Apr 2023","Davies et al. 2024 Nature Astronomy Supplementary Table S1; Juno JIRAM PJ5-PJ43"
"JRM192","PV52","16.1","281.4","78.6","24, 25i, 32i","0.262344113","0.262344113","0.21072114","0.052303107","","","Davies et al. 2024 Nature Astronomy Supplementary Table S1; Juno JIRAM PJ5-PJ43"
"JRM193","PV54","3.5","283.1","76.9","24, 25i, 32o, 37i","0.505278925","0.505278925","0.375551477","0.032523563","NIMS","","Davies et al. 2024 Nature Astronomy Supplementary Table S1; Juno JIRAM PJ5-PJ43"
"JRM194","Ulgen Patera","-40.8","287","73","9, 10, 24, 25o, 27o, 32i, 32o, 33, 35, 37i, 37o, 40","32.70420741","32.70420741","8.739844866","4.786165043","NIMS, PPR, Cantrall2018","","Davies et al. 2024 Nature Astronomy Supplementary Table S1; Juno JIRAM PJ5-PJ43"
"JRM195","Hephaestus Patera","1.4","289.5","70.5","9, 24, 25i, 25o, 32i, 32o, 33, 37i, 37o, 40","0.969181108","0.969181108","0.356983062","0.206270697","NIMS, PPR, LEISA, Cantrall2018","","Davies et al. 2024 Nature Astronomy Supplementary Table S1; Juno JIRAM PJ5-PJ43"
"JRM196","Shurdi Patera","-38.5","290.5","69.5","32i, 33, 37i","3.156788287","3.156788287","2.599887596","0.779713453","NIMS, LEISA, deKleer2019","Close to JRM194; Name approved by IAU Apr 2023","Davies et al. 2024 Nature Astronomy Supplementary Table S1; Juno JIRAM PJ5-PJ43"
"JRM197","Vivasvant Patera","75.2","292.8","67.2","7, 11, 16, 17, 18, 24, 25i, 26, 27i, 32i, 33, 37i, 40, 41, 43","22.31558625","22.31558625","8.59298937","4.70519703","NIMS, PPR","","Davies et al. 2024 Nature Astronomy Supplementary Table S1; Juno JIRAM PJ5-PJ43"
"JRM198","Xihe","-58.3","292.9","67.1","9, 10, 25o, 27o, 32i, 32o, 33, 35, 37o, 40","21.77336399","21.77336399","16.66066702","13.56866155","PPR?, LEISA, Cantrall2018","Name approved by IAU May 2023","Davies et al. 2024 Nature Astronomy Supplementary Table S1; Juno JIRAM PJ5-PJ43"
"JRM199","Gibil Patera ","-14.9","294.6","65.4","9, 10, 24, 25i, 25o, 32i, 32o, 33, 37i, 37o, 40","0.95465131","0.95465131","0.70311089","0.449309774","NIMS, PPR, Cantrall2018","","Davies et al. 2024 Nature Astronomy Supplementary Table S1; Juno JIRAM PJ5-PJ43"
"JRM200","Purgine Patera","-2.8","297.2","62.8","24, 25i, 32i, 32o, 37i, 37o","0.274857528","0.274857528","0.177700647","0.116243086","NIMS","","Davies et al. 2024 Nature Astronomy Supplementary Table S1; Juno JIRAM PJ5-PJ43"
"JRM201","Dazhbog Patera","55.1","301.3","58.7","7, 11, 17, 18, 24, 25i, 26, 27i, 32i, 33, 37i, 40, 41, 43","3.523801212","3.523801212","2.423491345","0.860317035","NIMS, PPR, LEISA, Cantrall2018","","Davies et al. 2024 Nature Astronomy Supplementary Table S1; Juno JIRAM PJ5-PJ43"
"JRM202","E Aten","-49.2","304.6","55.4","9, 10, 25o, 32o, 37o","0.985418657","0.985418657","0.864490544","0.605646425","PPR?, LEISA?","","Davies et al. 2024 Nature Astronomy Supplementary Table S1; Juno JIRAM PJ5-PJ43"
"JRM203","Rarog Patera","-41","305","55","9, 10, 20, 24, 25o, 27o, 32i, 32o, 33, 37o","3.24782327","3.24782327","1.19999261","0.206171886","NIMS, PPR, LEISA?, Cantrall2018","","Davies et al. 2024 Nature Astronomy Supplementary Table S1; Juno JIRAM PJ5-PJ43"
"JRM205","Mandulis Patera","-30.5","305.2","54.8","10, 20, 25o","1.219171376","1.219171376","0.714185527","0.441881431","NIMS?, PPR?, Cantrall2018?","Name approved by IAU Apr 2023","Davies et al. 2024 Nature Astronomy Supplementary Table S1; Juno JIRAM PJ5-PJ43"
"JRM204","Mihr Patera","-16.6","305.2","54.8","9, 10, 20, 24, 25i, 25o, 27i, 32i, 32o, 33, 37i, 37o, 40","6.663992542","6.663992542","1.45622138","0.392396456","NIMS, PPR","","Davies et al. 2024 Nature Astronomy Supplementary Table S1; Juno JIRAM PJ5-PJ43"
"JRM206","Amaterasu Patera","38.2","306.4","53.6","7, 11, 17, 18, 20, 24, 25i, 26, 27i, 32i, 33, 37i, 40, 41, 43","18.71385984","10.34101033","4.424632223","2.070920883","NIMS, PPR, Cantrall2018","","Davies et al. 2024 Nature Astronomy Supplementary Table S1; Juno JIRAM PJ5-PJ43"
"JRM207","Loki Patera","12.7","308.7","51.3","9, 11, 20, 24, 25i, 26, 27i, 32i, 32o, 33, 37i, 37o, 40, 41, 43","154.1353636","68.32230206","46.47031886","24.61833566","NIMS, PPR, LEISA, Cantrall2018","","Davies et al. 2024 Nature Astronomy Supplementary Table S1; Juno JIRAM PJ5-PJ43"
"JRM208","Kinich Ahau Patera A","49.3","310.4","49.6","7, 11, 17, 18, 20, 24, 25i, 26, 27i, 32i, 33, 37i, 40, 41, 43","9.764154929","6.510674578","2.274554795","1.028023485","NIMS, Cantrall2018","","Davies et al. 2024 Nature Astronomy Supplementary Table S1; Juno JIRAM PJ5-PJ43"
"JRM209","Quzah Fluctus","-30.2","311","49","9, 10, 20, 24, 25o, 27i, 27o, 32i, 32o, 33, 37i, 37o, 40","6.19622598","6.19622598","2.553185055","0.651857208","LEISA","Name approved by IAU Apr 2023","Davies et al. 2024 Nature Astronomy Supplementary Table S1; Juno JIRAM PJ5-PJ43"
"JRM210","Heno Patera","-57.2","311.5","48.5","9, 10, 25o, 27o, 32i, 32o, 33, 35, 37o, 40","5.080815611","5.080815611","2.419203321","1.10296069","NIMS, PPR, LEISA, Cantrall2018","","Davies et al. 2024 Nature Astronomy Supplementary Table S1; Juno JIRAM PJ5-PJ43"
"JRM211","Mazda Paterae","-7.7","312.4","47.6","9, 10, 24, 25i, 32i, 32o, 37i, 37o, 40","7.789684442","7.789684442","1.241044061","0.492560719","NIMS, PPR, LEISA, Cantrall2018","","Davies et al. 2024 Nature Astronomy Supplementary Table S1; Juno JIRAM PJ5-PJ43"
"JRM212","PV93","63.5","313.3","46.7","25i, 41","0.093391859","0.093391859","0.061999157","0.030606454","","","Davies et al. 2024 Nature Astronomy Supplementary Table S1; Juno JIRAM PJ5-PJ43"
"JRM213","Kinich Ahau Patera B","50.6","313.4","46.6","41, 43","0.704987536","0.704987536","0.536106836","0.367226136","","Close to JRM208","Davies et al. 2024 Nature Astronomy Supplementary Table S1; Juno JIRAM PJ5-PJ43"
"JRM214","Upulevo Fluctus","-80.2","315","45","10, 25o, 27o, 32o, 37o","10.73901505","1.691619742","0.716228188","0.172093516","NIMS","Name approved by IAU Apr 2023","Davies et al. 2024 Nature Astronomy Supplementary Table S1; Juno JIRAM PJ5-PJ43"
"JRM215","PV98","27.2","315.8","44.2","24, 25i, 41","0.126056326","0.126056326","0.105560961","0.05777391","NIMS, LEISA, Cantrall2018","","Davies et al. 2024 Nature Astronomy Supplementary Table S1; Juno JIRAM PJ5-PJ43"
"JRM216","PV99","18.3","315.8","44.2","24, 25i","0.190565389","0.190565389","0.129951303","0.069337216","NIMS?","","Davies et al. 2024 Nature Astronomy Supplementary Table S1; Juno JIRAM PJ5-PJ43"
"JRM217","JRM217","-28.4","319.2","40.8","9, 10, 24, 25o, 32i, 32o, 33, 35, 37o","8.751684337","8.751684337","2.31244821","0.151694578","","","Davies et al. 2024 Nature Astronomy Supplementary Table S1; Juno JIRAM PJ5-PJ43"
"JRM218","PV102","-48.8","319.4","40.6","9, 10","0.30737885","0.30737885","0.207791699","0.108204547","NIMS, PPR","","Davies et al. 2024 Nature Astronomy Supplementary Table S1; Juno JIRAM PJ5-PJ43"
"JRM219","PV103","57.3","320.3","39.7","7, 17, 18, 24, 25i, 26, 32i, 37i, 41, 43","0.705237163","0.705237163","0.252043182","0.131529886","NIMS","","Davies et al. 2024 Nature Astronomy Supplementary Table S1; Juno JIRAM PJ5-PJ43"
"JRM220","Manua Patera","35.6","321.5","38.5","17, 18, 20, 24, 25i, 26, 27i, 32i, 37i, 40, 41, 43","1.742666166","1.742666166","0.907249306","0.348360361","NIMS","","Davies et al. 2024 Nature Astronomy Supplementary Table S1; Juno JIRAM PJ5-PJ43"
"JRM221","Tol Ava Patera","1.7","322.1","37.9","9, 20, 24, 25i, 32i, 32o, 37i, 37o, 41, 43","1.862680373","1.862680373","0.551398494","0.043296086","NIMS, PPR, Cantrall2018","","Davies et al. 2024 Nature Astronomy Supplementary Table S1; Juno JIRAM PJ5-PJ43"
"JRM222","Fu1386","52.6","322.5","37.5","24, 25i, 41, 43","0.142800126","0.142800126","0.043377319","0.019588377","","","Davies et al. 2024 Nature Astronomy Supplementary Table S1; Juno JIRAM PJ5-PJ43"
"JRM223","Shoshu Patera","-19.3","324","36","9, 10, 20, 24, 25o, 32i, 32o, 37o","4.632921679","4.632921679","1.142369118","0.218347723","NIMS, deKleer2019","","Davies et al. 2024 Nature Astronomy Supplementary Table S1; Juno JIRAM PJ5-PJ43"
"JRM224","PV110","-40.7","324.9","35.1","9, 10, 25o, 32o, 37o","0.335438476","0.335438476","0.140946664","0.103102974","NIMS","","Davies et al. 2024 Nature Astronomy Supplementary Table S1; Juno JIRAM PJ5-PJ43"
"JRM225","Fuchi Patera","28.3","327.3","32.7","5, 9, 11, 17, 18, 20, 24, 25i, 25o, 26, 27i, 32i, 32o, 33, 37i, 37o, 40, 41, 43","4.921009845","4.921009845","2.068113915","0.11827885","NIMS, PPR, Cantrall2018","","Davies et al. 2024 Nature Astronomy Supplementary Table S1; Juno JIRAM PJ5-PJ43"
"JRM226","Fu1479","72.4","328.4","31.6","17, 25i, 41","0.039800475","0.039800475","0.029085274","0.012683627","","","Davies et al. 2024 Nature Astronomy Supplementary Table S1; Juno JIRAM PJ5-PJ43"
"JRM227","Hiruko Patera","-65.2","328.4","31.6","9, 10, 25o, 27o, 32o, 37o","0.659245862","0.659245862","0.309572229","0.088548038","","","Davies et al. 2024 Nature Astronomy Supplementary Table S1; Juno JIRAM PJ5-PJ43"
"JRM228","Huo Shen Patera","-14.8","328.8","31.2","25o","0.167910469","0.167910469","0.167910469","0.167910469","NIMS, PPR","","Davies et al. 2024 Nature Astronomy Supplementary Table S1; Juno JIRAM PJ5-PJ43"
"JRM229","PV170","-49.7","329.6","30.4","9, 10, 25o, 27i, 27o, 32o","1.557051151","1.557051151","0.305765409","0.047243426","Cantrall2018","","Davies et al. 2024 Nature Astronomy Supplementary Table S1; Juno JIRAM PJ5-PJ43"
"JRM230","PV119","16.9","331.1","28.9","20, 25i, 41","0.155700134","0.155700134","0.142961512","0.072826783","NIMS","","Davies et al. 2024 Nature Astronomy Supplementary Table S1; Juno JIRAM PJ5-PJ43"
"JRM231","PV126","9.7","332.8","27.2","25i, 25o, 32o, 41","0.264939312","0.264939312","0.223567949","0.055859526","NIMS, PPR","","Davies et al. 2024 Nature Astronomy Supplementary Table S1; Juno JIRAM PJ5-PJ43"
"JRM232","Horus Patera","-7.6","334.6","25.4","32o","0.167611728","0.167611728","0.167611728","0.167611728","","","Davies et al. 2024 Nature Astronomy Supplementary Table S1; Juno JIRAM PJ5-PJ43"
"JRM233","PV129","24.5","335.5","24.5","9, 11, 17, 18, 20, 24, 25i, 25o, 26, 27i, 32o, 41, 43","1.517903688","1.517903688","0.717861447","0.137069256","NIMS, LEISA, Cantrall2018","","Davies et al. 2024 Nature Astronomy Supplementary Table S1; Juno JIRAM PJ5-PJ43"
"JRM234","Surt","45.3","337.1","22.9","7, 11, 17, 18, 20, 24, 25i, 26, 27i, 32i, 33, 37i, 40, 41, 43","19.15664477","5.485878323","1.628536959","0.475570535","NIMS, LEISA, Cantrall2018","","Davies et al. 2024 Nature Astronomy Supplementary Table S1; Juno JIRAM PJ5-PJ43"
"JRM235","Kanlaon Patera","-31.3","337.6","22.4","20, 24, 25o, 26, 27i, 27o, 32o, 33, 35, 37o, 40","8.162701414","8.162701414","3.965555586","0.756762432","NIMS","Name approved by IAU Apr 2023","Davies et al. 2024 Nature Astronomy Supplementary Table S1; Juno JIRAM PJ5-PJ43"
"JRM236","JRM236","40.8","340.7","19.3","17, 20, 24, 25i, 41","0.215495145","0.215495145","0.104343317","0.017844088","NIMS","","Davies et al. 2024 Nature Astronomy Supplementary Table S1; Juno JIRAM PJ5-PJ43"
"JRM237","Kava Patera","-16.9","341.1","18.9","37o","0.913805872","0.913805872","0.913805872","0.913805872","NIMS","","Davies et al. 2024 Nature Astronomy Supplementary Table S1; Juno JIRAM PJ5-PJ43"
"JRM238","Creidne Patera","-51.9","341.8","18.2","5, 9, 10, 20, 25o, 27i, 27o, 32o, 35, 37o, 40","21.07527437","21.07527437","1.410755503","0.149557762","NIMS, Cantrall2018","","Davies et al. 2024 Nature Astronomy Supplementary Table S1; Juno JIRAM PJ5-PJ43"
"JRM239","PV196","-26.9","342.1","17.9","26, 27i","1.532796135","1.532796135","0.904660026","0.276523917","NIMS","","Davies et al. 2024 Nature Astronomy Supplementary Table S1; Juno JIRAM PJ5-PJ43"
"JRM240","Inti Patera","-68.3","347.3","12.7","5, 9, 10, 25o, 27o, 32o, 35, 37o","0.996490145","0.996490145","0.712714853","0.281616481","","","Davies et al. 2024 Nature Astronomy Supplementary Table S1; Juno JIRAM PJ5-PJ43"
"JRM241","PFd1293","44.3","347.5","12.5","17, 20, 24, 25i, 26, 41, 43","0.207834982","0.207834982","0.151112844","0.074951774","NIMS","","Davies et al. 2024 Nature Astronomy Supplementary Table S1; Juno JIRAM PJ5-PJ43"
"JRM242","PV148","9.8","348","12","20","0.144330232","0.144330232","0.144330232","0.144330232","NIMS","","Davies et al. 2024 Nature Astronomy Supplementary Table S1; Juno JIRAM PJ5-PJ43"
"JRM243","PV150","-2.6","348.3","11.7","9, 20, 32o, 37o","0.945360991","0.945360991","0.480785562","0.088103673","NIMS","","Davies et al. 2024 Nature Astronomy Supplementary Table S1; Juno JIRAM PJ5-PJ43"
"JRM244","Tiermes Patera","22.6","350.2","9.80000000000001","17, 18, 20, 25i, 27i, 32o, 41","0.297817452","0.297817452","0.151914616","0.022384869","NIMS, PPR","","Davies et al. 2024 Nature Astronomy Supplementary Table S1; Juno JIRAM PJ5-PJ43"
"JRM245","JRM245","31.7","352.4","7.60000000000002","17, 20, 25i, 26, 27i, 32o","0.140618352","0.140618352","0.070966666","0.044301089","NIMS?","","Davies et al. 2024 Nature Astronomy Supplementary Table S1; Juno JIRAM PJ5-PJ43"
"JRM246","Talos Patera","-26.2","353.9","6.10000000000002","20","0.08390556","0.08390556","0.08390556","0.08390556","NIMS?","","Davies et al. 2024 Nature Astronomy Supplementary Table S1; Juno JIRAM PJ5-PJ43"
"JRM247","Pfu1063","43.4","355.1","4.89999999999998","11, 17, 18, 20, 24, 25i, 26, 27i, 41, 43","1.070646052","1.070646052","0.545921209","0.131307557","Cantrall2018","","Davies et al. 2024 Nature Astronomy Supplementary Table S1; Juno JIRAM PJ5-PJ43"
"JRM248","Paive Patera","-45.7","358.5","1.5","5, 9, 10, 20, 25o, 27i, 27o, 32o, 35, 37o","3.700523643","2.758198777","1.558518444","1.081616254","NIMS, Cantrall2018","","Davies et al. 2024 Nature Astronomy Supplementary Table S1; Juno JIRAM PJ5-PJ43"
