"name","longitude","latitude","power_gw","epoch","instrument","source_id","source","power_is_estimated","basis_column"
"Nusku Patera","-3.9","-63.3","13.249348074","2017-03-27/2022-07-05","Juno JIRAM 4.8um","JRM001","Derived from Davies et al. 2024 Supplementary Table S1 using article-level 4.8um radiance-to-thermal-emission scaling (approx. 18 GW per GW/um).","true","max_unsaturated_spectral_radiance_gw_um"
"JRM002","-4.4","14.7","14.092453314","2017-03-27/2022-07-05","Juno JIRAM 4.8um","JRM002","Derived from Davies et al. 2024 Supplementary Table S1 using article-level 4.8um radiance-to-thermal-emission scaling (approx. 18 GW per GW/um).","true","max_unsaturated_spectral_radiance_gw_um"
"Mbali Patera","-5.5","-33.6","17.76332727","2017-03-27/2022-07-05","Juno JIRAM 4.8um","JRM003","Derived from Davies et al. 2024 Supplementary Table S1 using article-level 4.8um radiance-to-thermal-emission scaling (approx. 18 GW per GW/um).","true","max_unsaturated_spectral_radiance_gw_um"
"PV179","-6.9","-11.9","103.351306392","2017-03-27/2022-07-05","Juno JIRAM 4.8um","JRM004","Derived from Davies et al. 2024 Supplementary Table S1 using article-level 4.8um radiance-to-thermal-emission scaling (approx. 18 GW per GW/um).","true","max_unsaturated_spectral_radiance_gw_um"
"JRM005","-11.7","12.8","0.957791232","2017-03-27/2022-07-05","Juno JIRAM 4.8um","JRM005","Derived from Davies et al. 2024 Supplementary Table S1 using article-level 4.8um radiance-to-thermal-emission scaling (approx. 18 GW per GW/um).","true","max_unsaturated_spectral_radiance_gw_um"
"Gauwa Patera","-11.9","35.6","33.5566611","2017-03-27/2022-07-05","Juno JIRAM 4.8um","JRM006","Derived from Davies et al. 2024 Supplementary Table S1 using article-level 4.8um radiance-to-thermal-emission scaling (approx. 18 GW per GW/um).","true","max_unsaturated_spectral_radiance_gw_um"
"PV187","-12.4","-3.1","1.414681956","2017-03-27/2022-07-05","Juno JIRAM 4.8um","JRM007","Derived from Davies et al. 2024 Supplementary Table S1 using article-level 4.8um radiance-to-thermal-emission scaling (approx. 18 GW per GW/um).","true","max_unsaturated_spectral_radiance_gw_um"
"Ukko Patera","-18.1","30.5","1.6241445","2017-03-27/2022-07-05","Juno JIRAM 4.8um","JRM008","Derived from Davies et al. 2024 Supplementary Table S1 using article-level 4.8um radiance-to-thermal-emission scaling (approx. 18 GW per GW/um).","true","max_unsaturated_spectral_radiance_gw_um"
"PV189","-20.7","18.9","2.28894372","2017-03-27/2022-07-05","Juno JIRAM 4.8um","JRM009","Derived from Davies et al. 2024 Supplementary Table S1 using article-level 4.8um radiance-to-thermal-emission scaling (approx. 18 GW per GW/um).","true","max_unsaturated_spectral_radiance_gw_um"
"Uta Patera","-22.4","-35.8","336.60134946","2017-03-27/2022-07-05","Juno JIRAM 4.8um","JRM010","Derived from Davies et al. 2024 Supplementary Table S1 using article-level 4.8um radiance-to-thermal-emission scaling (approx. 18 GW per GW/um).","true","max_unsaturated_spectral_radiance_gw_um"
"JRM011","-23.2","23.8","3.36145473","2017-03-27/2022-07-05","Juno JIRAM 4.8um","JRM011","Derived from Davies et al. 2024 Supplementary Table S1 using article-level 4.8um radiance-to-thermal-emission scaling (approx. 18 GW per GW/um).","true","max_unsaturated_spectral_radiance_gw_um"
"JRM012","-23.4","4.6","4.692649446","2017-03-27/2022-07-05","Juno JIRAM 4.8um","JRM012","Derived from Davies et al. 2024 Supplementary Table S1 using article-level 4.8um radiance-to-thermal-emission scaling (approx. 18 GW per GW/um).","true","max_unsaturated_spectral_radiance_gw_um"
"JRM013","-24","-18.1","173.067477174","2017-03-27/2022-07-05","Juno JIRAM 4.8um","JRM013","Derived from Davies et al. 2024 Supplementary Table S1 using article-level 4.8um radiance-to-thermal-emission scaling (approx. 18 GW per GW/um).","true","max_unsaturated_spectral_radiance_gw_um"
"JRM014","-24.6","41.4","2.997066204","2017-03-27/2022-07-05","Juno JIRAM 4.8um","JRM014","Derived from Davies et al. 2024 Supplementary Table S1 using article-level 4.8um radiance-to-thermal-emission scaling (approx. 18 GW per GW/um).","true","max_unsaturated_spectral_radiance_gw_um"
"JRM015","-26.5","51.3","0.72265059","2017-03-27/2022-07-05","Juno JIRAM 4.8um","JRM015","Derived from Davies et al. 2024 Supplementary Table S1 using article-level 4.8um radiance-to-thermal-emission scaling (approx. 18 GW per GW/um).","true","max_unsaturated_spectral_radiance_gw_um"
"JRM016","-28.6","20.9","35.638680726","2017-03-27/2022-07-05","Juno JIRAM 4.8um","JRM016","Derived from Davies et al. 2024 Supplementary Table S1 using article-level 4.8um radiance-to-thermal-emission scaling (approx. 18 GW per GW/um).","true","max_unsaturated_spectral_radiance_gw_um"
"JRM264","-29.3","69","1.013355162","2017-03-27/2022-07-05","Juno JIRAM 4.8um","JRM264","Derived from Davies et al. 2024 Supplementary Table S1 using article-level 4.8um radiance-to-thermal-emission scaling (approx. 18 GW per GW/um).","true","max_unsaturated_spectral_radiance_gw_um"
"Hatchawa Patera","-31.4","-59.5","3.106562454","2017-03-27/2022-07-05","Juno JIRAM 4.8um","JRM018","Derived from Davies et al. 2024 Supplementary Table S1 using article-level 4.8um radiance-to-thermal-emission scaling (approx. 18 GW per GW/um).","true","max_unsaturated_spectral_radiance_gw_um"
"JRM017","-31.5","67.7","60.846808968","2017-03-27/2022-07-05","Juno JIRAM 4.8um","JRM017","Derived from Davies et al. 2024 Supplementary Table S1 using article-level 4.8um radiance-to-thermal-emission scaling (approx. 18 GW per GW/um).","true","max_unsaturated_spectral_radiance_gw_um"
"Kanehekili","-33.1","-18.1","38.762229672","2017-03-27/2022-07-05","Juno JIRAM 4.8um","JRM019","Derived from Davies et al. 2024 Supplementary Table S1 using article-level 4.8um radiance-to-thermal-emission scaling (approx. 18 GW per GW/um).","true","max_unsaturated_spectral_radiance_gw_um"
"JRM020","-34.2","8.3","5.63034375","2017-03-27/2022-07-05","Juno JIRAM 4.8um","JRM020","Derived from Davies et al. 2024 Supplementary Table S1 using article-level 4.8um radiance-to-thermal-emission scaling (approx. 18 GW per GW/um).","true","max_unsaturated_spectral_radiance_gw_um"
"P245","-34.7","31.9","74.218847526","2017-03-27/2022-07-05","Juno JIRAM 4.8um","JRM021","Derived from Davies et al. 2024 Supplementary Table S1 using article-level 4.8um radiance-to-thermal-emission scaling (approx. 18 GW per GW/um).","true","max_unsaturated_spectral_radiance_gw_um"
"PFd1731","-38.2","-27.7","68.26175082","2017-03-27/2022-07-05","Juno JIRAM 4.8um","JRM022","Derived from Davies et al. 2024 Supplementary Table S1 using article-level 4.8um radiance-to-thermal-emission scaling (approx. 18 GW per GW/um).","true","max_unsaturated_spectral_radiance_gw_um"
"Janus Patera","-38.9","-4.6","524.24654634","2017-03-27/2022-07-05","Juno JIRAM 4.8um","JRM023","Derived from Davies et al. 2024 Supplementary Table S1 using article-level 4.8um radiance-to-thermal-emission scaling (approx. 18 GW per GW/um).","true","max_unsaturated_spectral_radiance_gw_um"
"PFu1410","-39.8","57","7.084900944","2017-03-27/2022-07-05","Juno JIRAM 4.8um","JRM024","Derived from Davies et al. 2024 Supplementary Table S1 using article-level 4.8um radiance-to-thermal-emission scaling (approx. 18 GW per GW/um).","true","max_unsaturated_spectral_radiance_gw_um"
"JRM025","-42.1","16.6","51.628977828","2017-03-27/2022-07-05","Juno JIRAM 4.8um","JRM025","Derived from Davies et al. 2024 Supplementary Table S1 using article-level 4.8um radiance-to-thermal-emission scaling (approx. 18 GW per GW/um).","true","max_unsaturated_spectral_radiance_gw_um"
"JRM026","-43.3","6.5","7.04516913","2017-03-27/2022-07-05","Juno JIRAM 4.8um","JRM026","Derived from Davies et al. 2024 Supplementary Table S1 using article-level 4.8um radiance-to-thermal-emission scaling (approx. 18 GW per GW/um).","true","max_unsaturated_spectral_radiance_gw_um"
"JRM027","-43.5","41.3","38.637056484","2017-03-27/2022-07-05","Juno JIRAM 4.8um","JRM027","Derived from Davies et al. 2024 Supplementary Table S1 using article-level 4.8um radiance-to-thermal-emission scaling (approx. 18 GW per GW/um).","true","max_unsaturated_spectral_radiance_gw_um"
"JRM028","-44.5","-30.5","6.766691922","2017-03-27/2022-07-05","Juno JIRAM 4.8um","JRM028","Derived from Davies et al. 2024 Supplementary Table S1 using article-level 4.8um radiance-to-thermal-emission scaling (approx. 18 GW per GW/um).","true","max_unsaturated_spectral_radiance_gw_um"
"PFu1239","-45.2","38.7","4.319389206","2017-03-27/2022-07-05","Juno JIRAM 4.8um","JRM029","Derived from Davies et al. 2024 Supplementary Table S1 using article-level 4.8um radiance-to-thermal-emission scaling (approx. 18 GW per GW/um).","true","max_unsaturated_spectral_radiance_gw_um"
"N Lei-Zi Fluctus","-47.3","22.3","8.81321274","2017-03-27/2022-07-05","Juno JIRAM 4.8um","JRM030","Derived from Davies et al. 2024 Supplementary Table S1 using article-level 4.8um radiance-to-thermal-emission scaling (approx. 18 GW per GW/um).","true","max_unsaturated_spectral_radiance_gw_um"
"Gurzil Patera","-48","50.3","114.955115796","2017-03-27/2022-07-05","Juno JIRAM 4.8um","JRM031","Derived from Davies et al. 2024 Supplementary Table S1 using article-level 4.8um radiance-to-thermal-emission scaling (approx. 18 GW per GW/um).","true","max_unsaturated_spectral_radiance_gw_um"
"JRM032","-48.1","-50","160.693065306","2017-03-27/2022-07-05","Juno JIRAM 4.8um","JRM032","Derived from Davies et al. 2024 Supplementary Table S1 using article-level 4.8um radiance-to-thermal-emission scaling (approx. 18 GW per GW/um).","true","max_unsaturated_spectral_radiance_gw_um"
"JRM033","-48.4","17.2","6.180886008","2017-03-27/2022-07-05","Juno JIRAM 4.8um","JRM033","Derived from Davies et al. 2024 Supplementary Table S1 using article-level 4.8um radiance-to-thermal-emission scaling (approx. 18 GW per GW/um).","true","max_unsaturated_spectral_radiance_gw_um"
"PFu374","-49.7","-24","42.873785694","2017-03-27/2022-07-05","Juno JIRAM 4.8um","JRM034","Derived from Davies et al. 2024 Supplementary Table S1 using article-level 4.8um radiance-to-thermal-emission scaling (approx. 18 GW per GW/um).","true","max_unsaturated_spectral_radiance_gw_um"
"JRM035","-51.4","42.4","4.637829996","2017-03-27/2022-07-05","Juno JIRAM 4.8um","JRM035","Derived from Davies et al. 2024 Supplementary Table S1 using article-level 4.8um radiance-to-thermal-emission scaling (approx. 18 GW per GW/um).","true","max_unsaturated_spectral_radiance_gw_um"
"JRM036","-52","-1.4","71.140954716","2017-03-27/2022-07-05","Juno JIRAM 4.8um","JRM036","Derived from Davies et al. 2024 Supplementary Table S1 using article-level 4.8um radiance-to-thermal-emission scaling (approx. 18 GW per GW/um).","true","max_unsaturated_spectral_radiance_gw_um"
"JRM037","-52.2","-8.4","12.53703222","2017-03-27/2022-07-05","Juno JIRAM 4.8um","JRM037","Derived from Davies et al. 2024 Supplementary Table S1 using article-level 4.8um radiance-to-thermal-emission scaling (approx. 18 GW per GW/um).","true","max_unsaturated_spectral_radiance_gw_um"
"JRM038","-52.7","70.6","11.037468528","2017-03-27/2022-07-05","Juno JIRAM 4.8um","JRM038","Derived from Davies et al. 2024 Supplementary Table S1 using article-level 4.8um radiance-to-thermal-emission scaling (approx. 18 GW per GW/um).","true","max_unsaturated_spectral_radiance_gw_um"
"Masubi","-55.1","-44.8","207.61325928","2017-03-27/2022-07-05","Juno JIRAM 4.8um","JRM039","Derived from Davies et al. 2024 Supplementary Table S1 using article-level 4.8um radiance-to-thermal-emission scaling (approx. 18 GW per GW/um).","true","max_unsaturated_spectral_radiance_gw_um"
"JRM040","-57.7","26.1","3.759133122","2017-03-27/2022-07-05","Juno JIRAM 4.8um","JRM040","Derived from Davies et al. 2024 Supplementary Table S1 using article-level 4.8um radiance-to-thermal-emission scaling (approx. 18 GW per GW/um).","true","max_unsaturated_spectral_radiance_gw_um"
"JRM041","-59.8","52.2","0.6790482","2017-03-27/2022-07-05","Juno JIRAM 4.8um","JRM041","Derived from Davies et al. 2024 Supplementary Table S1 using article-level 4.8um radiance-to-thermal-emission scaling (approx. 18 GW per GW/um).","true","max_unsaturated_spectral_radiance_gw_um"
"Kotar Patera","-61","10.6","99.562818294","2017-03-27/2022-07-05","Juno JIRAM 4.8um","JRM042","Derived from Davies et al. 2024 Supplementary Table S1 using article-level 4.8um radiance-to-thermal-emission scaling (approx. 18 GW per GW/um).","true","max_unsaturated_spectral_radiance_gw_um"
"Shamshu Patera","-62.8","-10.3","89.13267171","2017-03-27/2022-07-05","Juno JIRAM 4.8um","JRM043","Derived from Davies et al. 2024 Supplementary Table S1 using article-level 4.8um radiance-to-thermal-emission scaling (approx. 18 GW per GW/um).","true","max_unsaturated_spectral_radiance_gw_um"
"P232?","-63.1","18.8","4.12565823","2017-03-27/2022-07-05","Juno JIRAM 4.8um","JRM044","Derived from Davies et al. 2024 Supplementary Table S1 using article-level 4.8um radiance-to-thermal-emission scaling (approx. 18 GW per GW/um).","true","max_unsaturated_spectral_radiance_gw_um"
"P213","-63.8","-26.5","3.77540982","2017-03-27/2022-07-05","Juno JIRAM 4.8um","JRM045","Derived from Davies et al. 2024 Supplementary Table S1 using article-level 4.8um radiance-to-thermal-emission scaling (approx. 18 GW per GW/um).","true","max_unsaturated_spectral_radiance_gw_um"
"Tonatiuh B","-65.5","56.5","82.182847284","2017-03-27/2022-07-05","Juno JIRAM 4.8um","JRM046","Derived from Davies et al. 2024 Supplementary Table S1 using article-level 4.8um radiance-to-thermal-emission scaling (approx. 18 GW per GW/um).","true","max_unsaturated_spectral_radiance_gw_um"
"P203","-71.8","-49.3","10.506855312","2017-03-27/2022-07-05","Juno JIRAM 4.8um","JRM047","Derived from Davies et al. 2024 Supplementary Table S1 using article-level 4.8um radiance-to-thermal-emission scaling (approx. 18 GW per GW/um).","true","max_unsaturated_spectral_radiance_gw_um"
"JRM048","-73","-83","104.661892116","2017-03-27/2022-07-05","Juno JIRAM 4.8um","JRM048","Derived from Davies et al. 2024 Supplementary Table S1 using article-level 4.8um radiance-to-thermal-emission scaling (approx. 18 GW per GW/um).","true","max_unsaturated_spectral_radiance_gw_um"
"Zal Patera B","-73.1","39.9","105.363222714","2017-03-27/2022-07-05","Juno JIRAM 4.8um","JRM256","Derived from Davies et al. 2024 Supplementary Table S1 using article-level 4.8um radiance-to-thermal-emission scaling (approx. 18 GW per GW/um).","true","max_unsaturated_spectral_radiance_gw_um"
"P183","-74.5","34.5","10.059831684","2017-03-27/2022-07-05","Juno JIRAM 4.8um","JRM049","Derived from Davies et al. 2024 Supplementary Table S1 using article-level 4.8um radiance-to-thermal-emission scaling (approx. 18 GW per GW/um).","true","max_unsaturated_spectral_radiance_gw_um"
"P233","-75.3","21.1","8.43239475","2017-03-27/2022-07-05","Juno JIRAM 4.8um","JRM051","Derived from Davies et al. 2024 Supplementary Table S1 using article-level 4.8um radiance-to-thermal-emission scaling (approx. 18 GW per GW/um).","true","max_unsaturated_spectral_radiance_gw_um"
"P212","-75.5","-26.5","8.952693804","2017-03-27/2022-07-05","Juno JIRAM 4.8um","JRM052","Derived from Davies et al. 2024 Supplementary Table S1 using article-level 4.8um radiance-to-thermal-emission scaling (approx. 18 GW per GW/um).","true","max_unsaturated_spectral_radiance_gw_um"
"Tawhaki Patera","-75.8","2.9","107.176527108","2017-03-27/2022-07-05","Juno JIRAM 4.8um","JRM053","Derived from Davies et al. 2024 Supplementary Table S1 using article-level 4.8um radiance-to-thermal-emission scaling (approx. 18 GW per GW/um).","true","max_unsaturated_spectral_radiance_gw_um"
"P185","-75.9","-13.6","7.240500324","2017-03-27/2022-07-05","Juno JIRAM 4.8um","JRM054","Derived from Davies et al. 2024 Supplementary Table S1 using article-level 4.8um radiance-to-thermal-emission scaling (approx. 18 GW per GW/um).","true","max_unsaturated_spectral_radiance_gw_um"
"Zal Patera A","-76.3","39.1","190.30646304","2017-03-27/2022-07-05","Juno JIRAM 4.8um","JRM050","Derived from Davies et al. 2024 Supplementary Table S1 using article-level 4.8um radiance-to-thermal-emission scaling (approx. 18 GW per GW/um).","true","max_unsaturated_spectral_radiance_gw_um"
"Tonatiuh C","-77.8","52","74.177030934","2017-03-27/2022-07-05","Juno JIRAM 4.8um","JRM055","Derived from Davies et al. 2024 Supplementary Table S1 using article-level 4.8um radiance-to-thermal-emission scaling (approx. 18 GW per GW/um).","true","max_unsaturated_spectral_radiance_gw_um"
"P224","-82.6","-19.5","188.24490792","2017-03-27/2022-07-05","Juno JIRAM 4.8um","JRM056","Derived from Davies et al. 2024 Supplementary Table S1 using article-level 4.8um radiance-to-thermal-emission scaling (approx. 18 GW per GW/um).","true","max_unsaturated_spectral_radiance_gw_um"
"Tonatiuh A","-84.4","51.6","150.331084902","2017-03-27/2022-07-05","Juno JIRAM 4.8um","JRM057","Derived from Davies et al. 2024 Supplementary Table S1 using article-level 4.8um radiance-to-thermal-emission scaling (approx. 18 GW per GW/um).","true","max_unsaturated_spectral_radiance_gw_um"
"P225","-84.7","-11.3","2.557295262","2017-03-27/2022-07-05","Juno JIRAM 4.8um","JRM058","Derived from Davies et al. 2024 Supplementary Table S1 using article-level 4.8um radiance-to-thermal-emission scaling (approx. 18 GW per GW/um).","true","max_unsaturated_spectral_radiance_gw_um"
"E Ekhi","-86.3","-29.2","30.436962732","2017-03-27/2022-07-05","Juno JIRAM 4.8um","JRM059","Derived from Davies et al. 2024 Supplementary Table S1 using article-level 4.8um radiance-to-thermal-emission scaling (approx. 18 GW per GW/um).","true","max_unsaturated_spectral_radiance_gw_um"
"Verbti Patera","-87.6","37.7","10.409266584","2017-03-27/2022-07-05","Juno JIRAM 4.8um","JRM060","Derived from Davies et al. 2024 Supplementary Table S1 using article-level 4.8um radiance-to-thermal-emission scaling (approx. 18 GW per GW/um).","true","max_unsaturated_spectral_radiance_gw_um"
"Estan Patera","-87.7","21.6","9.474362874","2017-03-27/2022-07-05","Juno JIRAM 4.8um","JRM061","Derived from Davies et al. 2024 Supplementary Table S1 using article-level 4.8um radiance-to-thermal-emission scaling (approx. 18 GW per GW/um).","true","max_unsaturated_spectral_radiance_gw_um"
"P223","-88.2","-19.5","1.570202316","2017-03-27/2022-07-05","Juno JIRAM 4.8um","JRM062","Derived from Davies et al. 2024 Supplementary Table S1 using article-level 4.8um radiance-to-thermal-emission scaling (approx. 18 GW per GW/um).","true","max_unsaturated_spectral_radiance_gw_um"
"Gish Bar Patera","-89.7","15.6","140.117229414","2017-03-27/2022-07-05","Juno JIRAM 4.8um","JRM063","Derived from Davies et al. 2024 Supplementary Table S1 using article-level 4.8um radiance-to-thermal-emission scaling (approx. 18 GW per GW/um).","true","max_unsaturated_spectral_radiance_gw_um"
"Asis Patera","-92.1","44.1","39.570377094","2017-03-27/2022-07-05","Juno JIRAM 4.8um","JRM064","Derived from Davies et al. 2024 Supplementary Table S1 using article-level 4.8um radiance-to-thermal-emission scaling (approx. 18 GW per GW/um).","true","max_unsaturated_spectral_radiance_gw_um"
"P207","-93.2","-37.2","19.915920882","2017-03-27/2022-07-05","Juno JIRAM 4.8um","JRM065","Derived from Davies et al. 2024 Supplementary Table S1 using article-level 4.8um radiance-to-thermal-emission scaling (approx. 18 GW per GW/um).","true","max_unsaturated_spectral_radiance_gw_um"
"Pajonn Patera","-93.3","83.5","10.535987538","2017-03-27/2022-07-05","Juno JIRAM 4.8um","JRM066","Derived from Davies et al. 2024 Supplementary Table S1 using article-level 4.8um radiance-to-thermal-emission scaling (approx. 18 GW per GW/um).","true","max_unsaturated_spectral_radiance_gw_um"
"P226","-97.3","6","48.609913914","2017-03-27/2022-07-05","Juno JIRAM 4.8um","JRM067","Derived from Davies et al. 2024 Supplementary Table S1 using article-level 4.8um radiance-to-thermal-emission scaling (approx. 18 GW per GW/um).","true","max_unsaturated_spectral_radiance_gw_um"
"Sigurd Patera","-97.9","-5.9","13.593126852","2017-03-27/2022-07-05","Juno JIRAM 4.8um","JRM068","Derived from Davies et al. 2024 Supplementary Table S1 using article-level 4.8um radiance-to-thermal-emission scaling (approx. 18 GW per GW/um).","true","max_unsaturated_spectral_radiance_gw_um"
"Shango Patera","-98.6","33.8","83.66010462","2017-03-27/2022-07-05","Juno JIRAM 4.8um","JRM069","Derived from Davies et al. 2024 Supplementary Table S1 using article-level 4.8um radiance-to-thermal-emission scaling (approx. 18 GW per GW/um).","true","max_unsaturated_spectral_radiance_gw_um"
"Itzamna Patera","-99.1","-16.2","40.324551048","2017-03-27/2022-07-05","Juno JIRAM 4.8um","JRM070","Derived from Davies et al. 2024 Supplementary Table S1 using article-level 4.8um radiance-to-thermal-emission scaling (approx. 18 GW per GW/um).","true","max_unsaturated_spectral_radiance_gw_um"
"Arusha Patera","-101.3","-39.1","65.94732243","2017-03-27/2022-07-05","Juno JIRAM 4.8um","JRM071","Derived from Davies et al. 2024 Supplementary Table S1 using article-level 4.8um radiance-to-thermal-emission scaling (approx. 18 GW per GW/um).","true","max_unsaturated_spectral_radiance_gw_um"
"Catha Patera","-101.4","-53.8","27.354518316","2017-03-27/2022-07-05","Juno JIRAM 4.8um","JRM072","Derived from Davies et al. 2024 Supplementary Table S1 using article-level 4.8um radiance-to-thermal-emission scaling (approx. 18 GW per GW/um).","true","max_unsaturated_spectral_radiance_gw_um"
"PV2","-101.5","-25.1","1.333988406","2017-03-27/2022-07-05","Juno JIRAM 4.8um","JRM266","Derived from Davies et al. 2024 Supplementary Table S1 using article-level 4.8um radiance-to-thermal-emission scaling (approx. 18 GW per GW/um).","true","max_unsaturated_spectral_radiance_gw_um"
"Monan Patera","-104.7","19.6","61.324004826","2017-03-27/2022-07-05","Juno JIRAM 4.8um","JRM073","Derived from Davies et al. 2024 Supplementary Table S1 using article-level 4.8um radiance-to-thermal-emission scaling (approx. 18 GW per GW/um).","true","max_unsaturated_spectral_radiance_gw_um"
"Ah Peku Patera","-106.9","10.4","32.904824508","2017-03-27/2022-07-05","Juno JIRAM 4.8um","JRM074","Derived from Davies et al. 2024 Supplementary Table S1 using article-level 4.8um radiance-to-thermal-emission scaling (approx. 18 GW per GW/um).","true","max_unsaturated_spectral_radiance_gw_um"
"P197","-108.7","-47.4","11.670283566","2017-03-27/2022-07-05","Juno JIRAM 4.8um","JRM075","Derived from Davies et al. 2024 Supplementary Table S1 using article-level 4.8um radiance-to-thermal-emission scaling (approx. 18 GW per GW/um).","true","max_unsaturated_spectral_radiance_gw_um"
"P216","-108.8","-9.2","7.738575534","2017-03-27/2022-07-05","Juno JIRAM 4.8um","JRM076","Derived from Davies et al. 2024 Supplementary Table S1 using article-level 4.8um radiance-to-thermal-emission scaling (approx. 18 GW per GW/um).","true","max_unsaturated_spectral_radiance_gw_um"
"Amirani A","-114.8","21.8","276.629148","2017-03-27/2022-07-05","Juno JIRAM 4.8um","JRM077","Derived from Davies et al. 2024 Supplementary Table S1 using article-level 4.8um radiance-to-thermal-emission scaling (approx. 18 GW per GW/um).","true","max_unsaturated_spectral_radiance_gw_um"
"Amirani B (P235?)","-115.2","30.5","5.280819138","2017-03-27/2022-07-05","Juno JIRAM 4.8um","JRM078","Derived from Davies et al. 2024 Supplementary Table S1 using article-level 4.8um radiance-to-thermal-emission scaling (approx. 18 GW per GW/um).","true","max_unsaturated_spectral_radiance_gw_um"
"Amirani C (P61?)","-117.3","18.4","38.434387104","2017-03-27/2022-07-05","Juno JIRAM 4.8um","JRM257","Derived from Davies et al. 2024 Supplementary Table S1 using article-level 4.8um radiance-to-thermal-emission scaling (approx. 18 GW per GW/um).","true","max_unsaturated_spectral_radiance_gw_um"
"Tvashtar B (P155)","-118","59.3","3.750364674","2017-03-27/2022-07-05","Juno JIRAM 4.8um","JRM079","Derived from Davies et al. 2024 Supplementary Table S1 using article-level 4.8um radiance-to-thermal-emission scaling (approx. 18 GW per GW/um).","true","max_unsaturated_spectral_radiance_gw_um"
"Dusura Patera","-118.9","37.2","58.388552424","2017-03-27/2022-07-05","Juno JIRAM 4.8um","JRM080","Derived from Davies et al. 2024 Supplementary Table S1 using article-level 4.8um radiance-to-thermal-emission scaling (approx. 18 GW per GW/um).","true","max_unsaturated_spectral_radiance_gw_um"
"Emakong Patera","-119.8","-3.4","3.105025272","2017-03-27/2022-07-05","Juno JIRAM 4.8um","JRM081","Derived from Davies et al. 2024 Supplementary Table S1 using article-level 4.8um radiance-to-thermal-emission scaling (approx. 18 GW per GW/um).","true","max_unsaturated_spectral_radiance_gw_um"
"P193","-120.1","-54.7","39.228426468","2017-03-27/2022-07-05","Juno JIRAM 4.8um","JRM082","Derived from Davies et al. 2024 Supplementary Table S1 using article-level 4.8um radiance-to-thermal-emission scaling (approx. 18 GW per GW/um).","true","max_unsaturated_spectral_radiance_gw_um"
"Tvashtar C (P156)","-120.3","60.9","0.635227344","2017-03-27/2022-07-05","Juno JIRAM 4.8um","JRM083","Derived from Davies et al. 2024 Supplementary Table S1 using article-level 4.8um radiance-to-thermal-emission scaling (approx. 18 GW per GW/um).","true","max_unsaturated_spectral_radiance_gw_um"
"Tvashtar A","-123.5","62.8","100.666153908","2017-03-27/2022-07-05","Juno JIRAM 4.8um","JRM084","Derived from Davies et al. 2024 Supplementary Table S1 using article-level 4.8um radiance-to-thermal-emission scaling (approx. 18 GW per GW/um).","true","max_unsaturated_spectral_radiance_gw_um"
"Maui Patera","-124","16.4","13.92804801","2017-03-27/2022-07-05","Juno JIRAM 4.8um","JRM085","Derived from Davies et al. 2024 Supplementary Table S1 using article-level 4.8um radiance-to-thermal-emission scaling (approx. 18 GW per GW/um).","true","max_unsaturated_spectral_radiance_gw_um"
"Tvashtar D","-124.4","66.2","2.30750217","2017-03-27/2022-07-05","Juno JIRAM 4.8um","JRM261","Derived from Davies et al. 2024 Supplementary Table S1 using article-level 4.8um radiance-to-thermal-emission scaling (approx. 18 GW per GW/um).","true","max_unsaturated_spectral_radiance_gw_um"
"P52","-124.6","2","1.07049015","2017-03-27/2022-07-05","Juno JIRAM 4.8um","JRM086","Derived from Davies et al. 2024 Supplementary Table S1 using article-level 4.8um radiance-to-thermal-emission scaling (approx. 18 GW per GW/um).","true","max_unsaturated_spectral_radiance_gw_um"
"JRM262","-125.4","70.5","0.367074684","2017-03-27/2022-07-05","Juno JIRAM 4.8um","JRM262","Derived from Davies et al. 2024 Supplementary Table S1 using article-level 4.8um radiance-to-thermal-emission scaling (approx. 18 GW per GW/um).","true","max_unsaturated_spectral_radiance_gw_um"
"P95","-128","-12","121.28448402","2017-03-27/2022-07-05","Juno JIRAM 4.8um","JRM087","Derived from Davies et al. 2024 Supplementary Table S1 using article-level 4.8um radiance-to-thermal-emission scaling (approx. 18 GW per GW/um).","true","max_unsaturated_spectral_radiance_gw_um"
"Malik Patera","-128.9","-34.6","107.886012156","2017-03-27/2022-07-05","Juno JIRAM 4.8um","JRM088","Derived from Davies et al. 2024 Supplementary Table S1 using article-level 4.8um radiance-to-thermal-emission scaling (approx. 18 GW per GW/um).","true","max_unsaturated_spectral_radiance_gw_um"
"JRM259","-129.5","1.3","235.61296056","2017-03-27/2022-07-05","Juno JIRAM 4.8um","JRM259","Derived from Davies et al. 2024 Supplementary Table S1 using article-level 4.8um radiance-to-thermal-emission scaling (approx. 18 GW per GW/um).","true","max_unsaturated_spectral_radiance_gw_um"
"P239","-130.3","31.6","1.437619932","2017-03-27/2022-07-05","Juno JIRAM 4.8um","JRM089","Derived from Davies et al. 2024 Supplementary Table S1 using article-level 4.8um radiance-to-thermal-emission scaling (approx. 18 GW per GW/um).","true","max_unsaturated_spectral_radiance_gw_um"
"Yeloje Patera A","-131.5","20","33.380454834","2017-03-27/2022-07-05","Juno JIRAM 4.8um","JRM090","Derived from Davies et al. 2024 Supplementary Table S1 using article-level 4.8um radiance-to-thermal-emission scaling (approx. 18 GW per GW/um).","true","max_unsaturated_spectral_radiance_gw_um"
"Yeloje Patera B","-133","20.7","13.173024888","2017-03-27/2022-07-05","Juno JIRAM 4.8um","JRM091","Derived from Davies et al. 2024 Supplementary Table S1 using article-level 4.8um radiance-to-thermal-emission scaling (approx. 18 GW per GW/um).","true","max_unsaturated_spectral_radiance_gw_um"
"JRM092","-133.2","-2.5","4.553864262","2017-03-27/2022-07-05","Juno JIRAM 4.8um","JRM092","Derived from Davies et al. 2024 Supplementary Table S1 using article-level 4.8um radiance-to-thermal-emission scaling (approx. 18 GW per GW/um).","true","max_unsaturated_spectral_radiance_gw_um"
"Tien Mu Patera","-134.3","11.9","2.317554","2017-03-27/2022-07-05","Juno JIRAM 4.8um","JRM093","Derived from Davies et al. 2024 Supplementary Table S1 using article-level 4.8um radiance-to-thermal-emission scaling (approx. 18 GW per GW/um).","true","max_unsaturated_spectral_radiance_gw_um"
"Thor","-134.5","40","54.255372894","2017-03-27/2022-07-05","Juno JIRAM 4.8um","JRM094","Derived from Davies et al. 2024 Supplementary Table S1 using article-level 4.8um radiance-to-thermal-emission scaling (approx. 18 GW per GW/um).","true","max_unsaturated_spectral_radiance_gw_um"
"P165","-135.8","5.2","0.782745642","2017-03-27/2022-07-05","Juno JIRAM 4.8um","JRM251","Derived from Davies et al. 2024 Supplementary Table S1 using article-level 4.8um radiance-to-thermal-emission scaling (approx. 18 GW per GW/um).","true","max_unsaturated_spectral_radiance_gw_um"
"Camaxtli Patera","-136.8","15.3","2.570706","2017-03-27/2022-07-05","Juno JIRAM 4.8um","JRM258","Derived from Davies et al. 2024 Supplementary Table S1 using article-level 4.8um radiance-to-thermal-emission scaling (approx. 18 GW per GW/um).","true","max_unsaturated_spectral_radiance_gw_um"
"P63","-137.3","35.3","34.844884704","2017-03-27/2022-07-05","Juno JIRAM 4.8um","JRM095","Derived from Davies et al. 2024 Supplementary Table S1 using article-level 4.8um radiance-to-thermal-emission scaling (approx. 18 GW per GW/um).","true","max_unsaturated_spectral_radiance_gw_um"
"Ruaomoko Patera","-139.6","14.5","1.799254656","2017-03-27/2022-07-05","Juno JIRAM 4.8um","JRM096","Derived from Davies et al. 2024 Supplementary Table S1 using article-level 4.8um radiance-to-thermal-emission scaling (approx. 18 GW per GW/um).","true","max_unsaturated_spectral_radiance_gw_um"
"Tupan Patera","-141.1","-18.9","479.85820308","2017-03-27/2022-07-05","Juno JIRAM 4.8um","JRM097","Derived from Davies et al. 2024 Supplementary Table S1 using article-level 4.8um radiance-to-thermal-emission scaling (approx. 18 GW per GW/um).","true","max_unsaturated_spectral_radiance_gw_um"
"P151","-141.4","39.2","9.154918728","2017-03-27/2022-07-05","Juno JIRAM 4.8um","JRM098","Derived from Davies et al. 2024 Supplementary Table S1 using article-level 4.8um radiance-to-thermal-emission scaling (approx. 18 GW per GW/um).","true","max_unsaturated_spectral_radiance_gw_um"
"Mixcoatl Fluctus","-141.5","-45.8","235.4115816","2017-03-27/2022-07-05","Juno JIRAM 4.8um","JRM099","Derived from Davies et al. 2024 Supplementary Table S1 using article-level 4.8um radiance-to-thermal-emission scaling (approx. 18 GW per GW/um).","true","max_unsaturated_spectral_radiance_gw_um"
"PV3","-143.4","60.5","9.879606432","2017-03-27/2022-07-05","Juno JIRAM 4.8um","JRM100","Derived from Davies et al. 2024 Supplementary Table S1 using article-level 4.8um radiance-to-thermal-emission scaling (approx. 18 GW per GW/um).","true","max_unsaturated_spectral_radiance_gw_um"
"E. Surya","-145.6","22.3","25.372106118","2017-03-27/2022-07-05","Juno JIRAM 4.8um","JRM101","Derived from Davies et al. 2024 Supplementary Table S1 using article-level 4.8um radiance-to-thermal-emission scaling (approx. 18 GW per GW/um).","true","max_unsaturated_spectral_radiance_gw_um"
"Arinna Fluctus","-148.6","31.1","18.413301132","2017-03-27/2022-07-05","Juno JIRAM 4.8um","JRM102","Derived from Davies et al. 2024 Supplementary Table S1 using article-level 4.8um radiance-to-thermal-emission scaling (approx. 18 GW per GW/um).","true","max_unsaturated_spectral_radiance_gw_um"
"Sobo Fluctus","-150.5","14.1","20.464523028","2017-03-27/2022-07-05","Juno JIRAM 4.8um","JRM103","Derived from Davies et al. 2024 Supplementary Table S1 using article-level 4.8um radiance-to-thermal-emission scaling (approx. 18 GW per GW/um).","true","max_unsaturated_spectral_radiance_gw_um"
"Shamash Patera","-152.4","-35.4","31.612175082","2017-03-27/2022-07-05","Juno JIRAM 4.8um","JRM104","Derived from Davies et al. 2024 Supplementary Table S1 using article-level 4.8um radiance-to-thermal-emission scaling (approx. 18 GW per GW/um).","true","max_unsaturated_spectral_radiance_gw_um"
"Prometheus A","-152.5","-1.3","97.137210078","2017-03-27/2022-07-05","Juno JIRAM 4.8um","JRM106","Derived from Davies et al. 2024 Supplementary Table S1 using article-level 4.8um radiance-to-thermal-emission scaling (approx. 18 GW per GW/um).","true","max_unsaturated_spectral_radiance_gw_um"
"JRM105","-153.6","69.2","6.142216194","2017-03-27/2022-07-05","Juno JIRAM 4.8um","JRM105","Derived from Davies et al. 2024 Supplementary Table S1 using article-level 4.8um radiance-to-thermal-emission scaling (approx. 18 GW per GW/um).","true","max_unsaturated_spectral_radiance_gw_um"
"Prometheus B","-155.3","-1.6","10.453773744","2017-03-27/2022-07-05","Juno JIRAM 4.8um","JRM260","Derived from Davies et al. 2024 Supplementary Table S1 using article-level 4.8um radiance-to-thermal-emission scaling (approx. 18 GW per GW/um).","true","max_unsaturated_spectral_radiance_gw_um"
"Chaac Patera","-157","10.6","1.643505354","2017-03-27/2022-07-05","Juno JIRAM 4.8um","JRM253","Derived from Davies et al. 2024 Supplementary Table S1 using article-level 4.8um radiance-to-thermal-emission scaling (approx. 18 GW per GW/um).","true","max_unsaturated_spectral_radiance_gw_um"
"Illyrikon C","-157.7","-64","3.213558072","2017-03-27/2022-07-05","Juno JIRAM 4.8um","JRM107","Derived from Davies et al. 2024 Supplementary Table S1 using article-level 4.8um radiance-to-thermal-emission scaling (approx. 18 GW per GW/um).","true","max_unsaturated_spectral_radiance_gw_um"
"Tohil Patera","-157.8","-26.3","95.957646966","2017-03-27/2022-07-05","Juno JIRAM 4.8um","JRM108","Derived from Davies et al. 2024 Supplementary Table S1 using article-level 4.8um radiance-to-thermal-emission scaling (approx. 18 GW per GW/um).","true","max_unsaturated_spectral_radiance_gw_um"
"Reshef Patera","-158.3","27.7","0.60103512","2017-03-27/2022-07-05","Juno JIRAM 4.8um","JRM254","Derived from Davies et al. 2024 Supplementary Table S1 using article-level 4.8um radiance-to-thermal-emission scaling (approx. 18 GW per GW/um).","true","max_unsaturated_spectral_radiance_gw_um"
"P243","-161.2","56.7","0.193471038","2017-03-27/2022-07-05","Juno JIRAM 4.8um","JRM109","Derived from Davies et al. 2024 Supplementary Table S1 using article-level 4.8um radiance-to-thermal-emission scaling (approx. 18 GW per GW/um).","true","max_unsaturated_spectral_radiance_gw_um"
"Culann Patera","-161.9","-18.5","126.550475316","2017-03-27/2022-07-05","Juno JIRAM 4.8um","JRM110","Derived from Davies et al. 2024 Supplementary Table S1 using article-level 4.8um radiance-to-thermal-emission scaling (approx. 18 GW per GW/um).","true","max_unsaturated_spectral_radiance_gw_um"
"JRM111","-162.6","46","0.443324952","2017-03-27/2022-07-05","Juno JIRAM 4.8um","JRM111","Derived from Davies et al. 2024 Supplementary Table S1 using article-level 4.8um radiance-to-thermal-emission scaling (approx. 18 GW per GW/um).","true","max_unsaturated_spectral_radiance_gw_um"
"Thomagata Patera","-165.5","25.5","0.944793666","2017-03-27/2022-07-05","Juno JIRAM 4.8um","JRM112","Derived from Davies et al. 2024 Supplementary Table S1 using article-level 4.8um radiance-to-thermal-emission scaling (approx. 18 GW per GW/um).","true","max_unsaturated_spectral_radiance_gw_um"
"Michabo Patera","-168.5","0.9","0.52696512","2017-03-27/2022-07-05","Juno JIRAM 4.8um","JRM252","Derived from Davies et al. 2024 Supplementary Table S1 using article-level 4.8um radiance-to-thermal-emission scaling (approx. 18 GW per GW/um).","true","max_unsaturated_spectral_radiance_gw_um"
"Volund B","-173.7","32.6","148.514411448","2017-03-27/2022-07-05","Juno JIRAM 4.8um","JRM113","Derived from Davies et al. 2024 Supplementary Table S1 using article-level 4.8um radiance-to-thermal-emission scaling (approx. 18 GW per GW/um).","true","max_unsaturated_spectral_radiance_gw_um"
"Volund A","-174","26.5","84.007208628","2017-03-27/2022-07-05","Juno JIRAM 4.8um","JRM114","Derived from Davies et al. 2024 Supplementary Table S1 using article-level 4.8um radiance-to-thermal-emission scaling (approx. 18 GW per GW/um).","true","max_unsaturated_spectral_radiance_gw_um"
"Odqan Patera","-174.4","-41.9","15.630264918","2017-03-27/2022-07-05","Juno JIRAM 4.8um","JRM116","Derived from Davies et al. 2024 Supplementary Table S1 using article-level 4.8um radiance-to-thermal-emission scaling (approx. 18 GW per GW/um).","true","max_unsaturated_spectral_radiance_gw_um"
"Zamama","-174.4","18.8","34.488593748","2017-03-27/2022-07-05","Juno JIRAM 4.8um","JRM115","Derived from Davies et al. 2024 Supplementary Table S1 using article-level 4.8um radiance-to-thermal-emission scaling (approx. 18 GW per GW/um).","true","max_unsaturated_spectral_radiance_gw_um"
"JRM117","-176","49.5","1.871870742","2017-03-27/2022-07-05","Juno JIRAM 4.8um","JRM117","Derived from Davies et al. 2024 Supplementary Table S1 using article-level 4.8um radiance-to-thermal-emission scaling (approx. 18 GW per GW/um).","true","max_unsaturated_spectral_radiance_gw_um"
"Wanajo Patera","-178.5","-59","46.472345568","2017-03-27/2022-07-05","Juno JIRAM 4.8um","JRM118","Derived from Davies et al. 2024 Supplementary Table S1 using article-level 4.8um radiance-to-thermal-emission scaling (approx. 18 GW per GW/um).","true","max_unsaturated_spectral_radiance_gw_um"
"Illyrikon A","179","-74.7","13.719478734","2017-03-27/2022-07-05","Juno JIRAM 4.8um","JRM119","Derived from Davies et al. 2024 Supplementary Table S1 using article-level 4.8um radiance-to-thermal-emission scaling (approx. 18 GW per GW/um).","true","max_unsaturated_spectral_radiance_gw_um"
"P26","172.9","-5.9","28.353809898","2017-03-27/2022-07-05","Juno JIRAM 4.8um","JRM120","Derived from Davies et al. 2024 Supplementary Table S1 using article-level 4.8um radiance-to-thermal-emission scaling (approx. 18 GW per GW/um).","true","max_unsaturated_spectral_radiance_gw_um"
"Fd1280","171.1","42.9","0.45701595","2017-03-27/2022-07-05","Juno JIRAM 4.8um","JRM263","Derived from Davies et al. 2024 Supplementary Table S1 using article-level 4.8um radiance-to-thermal-emission scaling (approx. 18 GW per GW/um).","true","max_unsaturated_spectral_radiance_gw_um"
"JRM255","170.2","-26.1","2.66573601","2017-03-27/2022-07-05","Juno JIRAM 4.8um","JRM255","Derived from Davies et al. 2024 Supplementary Table S1 using article-level 4.8um radiance-to-thermal-emission scaling (approx. 18 GW per GW/um).","true","max_unsaturated_spectral_radiance_gw_um"
"Fo Patera A","169.2","42.7","12.888411192","2017-03-27/2022-07-05","Juno JIRAM 4.8um","JRM121","Derived from Davies et al. 2024 Supplementary Table S1 using article-level 4.8um radiance-to-thermal-emission scaling (approx. 18 GW per GW/um).","true","max_unsaturated_spectral_radiance_gw_um"
"P77","168.5","28","23.41049166","2017-03-27/2022-07-05","Juno JIRAM 4.8um","JRM123","Derived from Davies et al. 2024 Supplementary Table S1 using article-level 4.8um radiance-to-thermal-emission scaling (approx. 18 GW per GW/um).","true","max_unsaturated_spectral_radiance_gw_um"
"Fo Patera B","167.8","40.8","4.201334964","2017-03-27/2022-07-05","Juno JIRAM 4.8um","JRM122","Derived from Davies et al. 2024 Supplementary Table S1 using article-level 4.8um radiance-to-thermal-emission scaling (approx. 18 GW per GW/um).","true","max_unsaturated_spectral_radiance_gw_um"
"Illyrikon B","167.7","-79.2","6.63992127","2017-03-27/2022-07-05","Juno JIRAM 4.8um","JRM124","Derived from Davies et al. 2024 Supplementary Table S1 using article-level 4.8um radiance-to-thermal-emission scaling (approx. 18 GW per GW/um).","true","max_unsaturated_spectral_radiance_gw_um"
"P10","167.4","1.2","1.287702288","2017-03-27/2022-07-05","Juno JIRAM 4.8um","JRM125","Derived from Davies et al. 2024 Supplementary Table S1 using article-level 4.8um radiance-to-thermal-emission scaling (approx. 18 GW per GW/um).","true","max_unsaturated_spectral_radiance_gw_um"
"Sethlaus Patera","166.2","-52","137.24050275","2017-03-27/2022-07-05","Juno JIRAM 4.8um","JRM126","Derived from Davies et al. 2024 Supplementary Table S1 using article-level 4.8um radiance-to-thermal-emission scaling (approx. 18 GW per GW/um).","true","max_unsaturated_spectral_radiance_gw_um"
"P139","163","-62.5","1.584150516","2017-03-27/2022-07-05","Juno JIRAM 4.8um","JRM127","Derived from Davies et al. 2024 Supplementary Table S1 using article-level 4.8um radiance-to-thermal-emission scaling (approx. 18 GW per GW/um).","true","max_unsaturated_spectral_radiance_gw_um"
"JRM128","160.9","82.5","2.858155056","2017-03-27/2022-07-05","Juno JIRAM 4.8um","JRM128","Derived from Davies et al. 2024 Supplementary Table S1 using article-level 4.8um radiance-to-thermal-emission scaling (approx. 18 GW per GW/um).","true","max_unsaturated_spectral_radiance_gw_um"
"Rata Patera","160.5","-35.4","7.486463268","2017-03-27/2022-07-05","Juno JIRAM 4.8um","JRM129","Derived from Davies et al. 2024 Supplementary Table S1 using article-level 4.8um radiance-to-thermal-emission scaling (approx. 18 GW per GW/um).","true","max_unsaturated_spectral_radiance_gw_um"
"JRM130","158.8","70.1","0.552761442","2017-03-27/2022-07-05","Juno JIRAM 4.8um","JRM130","Derived from Davies et al. 2024 Supplementary Table S1 using article-level 4.8um radiance-to-thermal-emission scaling (approx. 18 GW per GW/um).","true","max_unsaturated_spectral_radiance_gw_um"
"Gabija Patera","157.7","-52","91.331779194","2017-03-27/2022-07-05","Juno JIRAM 4.8um","JRM131","Derived from Davies et al. 2024 Supplementary Table S1 using article-level 4.8um radiance-to-thermal-emission scaling (approx. 18 GW per GW/um).","true","max_unsaturated_spectral_radiance_gw_um"
"Lei-Kung J","157.7","49.4","7.449715764","2017-03-27/2022-07-05","Juno JIRAM 4.8um","JRM132","Derived from Davies et al. 2024 Supplementary Table S1 using article-level 4.8um radiance-to-thermal-emission scaling (approx. 18 GW per GW/um).","true","max_unsaturated_spectral_radiance_gw_um"
"Lei-Kung A","157.3","40","42.221533536","2017-03-27/2022-07-05","Juno JIRAM 4.8um","JRM133","Derived from Davies et al. 2024 Supplementary Table S1 using article-level 4.8um radiance-to-thermal-emission scaling (approx. 18 GW per GW/um).","true","max_unsaturated_spectral_radiance_gw_um"
"Lei-Kung B (P173 or P174)","156.3","42.9","33.717721752","2017-03-27/2022-07-05","Juno JIRAM 4.8um","JRM134","Derived from Davies et al. 2024 Supplementary Table S1 using article-level 4.8um radiance-to-thermal-emission scaling (approx. 18 GW per GW/um).","true","max_unsaturated_spectral_radiance_gw_um"
"P137","155.1","-55.8","79.53381621","2017-03-27/2022-07-05","Juno JIRAM 4.8um","JRM249","Derived from Davies et al. 2024 Supplementary Table S1 using article-level 4.8um radiance-to-thermal-emission scaling (approx. 18 GW per GW/um).","true","max_unsaturated_spectral_radiance_gw_um"
"P24","154.9","-3.8","2.774641626","2017-03-27/2022-07-05","Juno JIRAM 4.8um","JRM135","Derived from Davies et al. 2024 Supplementary Table S1 using article-level 4.8um radiance-to-thermal-emission scaling (approx. 18 GW per GW/um).","true","max_unsaturated_spectral_radiance_gw_um"
"NE Isum","153.6","32.6","141.446601414","2017-03-27/2022-07-05","Juno JIRAM 4.8um","JRM265","Derived from Davies et al. 2024 Supplementary Table S1 using article-level 4.8um radiance-to-thermal-emission scaling (approx. 18 GW per GW/um).","true","max_unsaturated_spectral_radiance_gw_um"
"Lei-Kung L","153.4","67","3.168801378","2017-03-27/2022-07-05","Juno JIRAM 4.8um","JRM136","Derived from Davies et al. 2024 Supplementary Table S1 using article-level 4.8um radiance-to-thermal-emission scaling (approx. 18 GW per GW/um).","true","max_unsaturated_spectral_radiance_gw_um"
"Isum Patera","151.5","29.8","213.33647502","2017-03-27/2022-07-05","Juno JIRAM 4.8um","JRM137","Derived from Davies et al. 2024 Supplementary Table S1 using article-level 4.8um radiance-to-thermal-emission scaling (approx. 18 GW per GW/um).","true","max_unsaturated_spectral_radiance_gw_um"
"Lei-Kung N","151.1","38.9","0.79267482","2017-03-27/2022-07-05","Juno JIRAM 4.8um","JRM138","Derived from Davies et al. 2024 Supplementary Table S1 using article-level 4.8um radiance-to-thermal-emission scaling (approx. 18 GW per GW/um).","true","max_unsaturated_spectral_radiance_gw_um"
"Lei-Kung G","149.4","46.8","4.287826566","2017-03-27/2022-07-05","Juno JIRAM 4.8um","JRM139","Derived from Davies et al. 2024 Supplementary Table S1 using article-level 4.8um radiance-to-thermal-emission scaling (approx. 18 GW per GW/um).","true","max_unsaturated_spectral_radiance_gw_um"
"Marduk A","148.7","-24.9","932.51099736","2017-03-27/2022-07-05","Juno JIRAM 4.8um","JRM140","Derived from Davies et al. 2024 Supplementary Table S1 using article-level 4.8um radiance-to-thermal-emission scaling (approx. 18 GW per GW/um).","true","max_unsaturated_spectral_radiance_gw_um"
"Lei-Kung H (PV13)","145.6","43.2","6.837160716","2017-03-27/2022-07-05","Juno JIRAM 4.8um","JRM141","Derived from Davies et al. 2024 Supplementary Table S1 using article-level 4.8um radiance-to-thermal-emission scaling (approx. 18 GW per GW/um).","true","max_unsaturated_spectral_radiance_gw_um"
"Ot Patera","142.9","-1.5","195.05777796","2017-03-27/2022-07-05","Juno JIRAM 4.8um","JRM142","Derived from Davies et al. 2024 Supplementary Table S1 using article-level 4.8um radiance-to-thermal-emission scaling (approx. 18 GW per GW/um).","true","max_unsaturated_spectral_radiance_gw_um"
"Mulungu Patera","142.5","16.9","42.42296223","2017-03-27/2022-07-05","Juno JIRAM 4.8um","JRM143","Derived from Davies et al. 2024 Supplementary Table S1 using article-level 4.8um radiance-to-thermal-emission scaling (approx. 18 GW per GW/um).","true","max_unsaturated_spectral_radiance_gw_um"
"P22","142.5","-10.1","5.527126422","2017-03-27/2022-07-05","Juno JIRAM 4.8um","JRM144","Derived from Davies et al. 2024 Supplementary Table S1 using article-level 4.8um radiance-to-thermal-emission scaling (approx. 18 GW per GW/um).","true","max_unsaturated_spectral_radiance_gw_um"
"Marduk B","142.4","-26.9","458.16687882","2017-03-27/2022-07-05","Juno JIRAM 4.8um","JRM145","Derived from Davies et al. 2024 Supplementary Table S1 using article-level 4.8um radiance-to-thermal-emission scaling (approx. 18 GW per GW/um).","true","max_unsaturated_spectral_radiance_gw_um"
"Kurdalagon Patera","142.2","-51.3","745.55107956","2017-03-27/2022-07-05","Juno JIRAM 4.8um","JRM146","Derived from Davies et al. 2024 Supplementary Table S1 using article-level 4.8um radiance-to-thermal-emission scaling (approx. 18 GW per GW/um).","true","max_unsaturated_spectral_radiance_gw_um"
"Susanoo Patera","140.4","22.2","74.2775211","2017-03-27/2022-07-05","Juno JIRAM 4.8um","JRM147","Derived from Davies et al. 2024 Supplementary Table S1 using article-level 4.8um radiance-to-thermal-emission scaling (approx. 18 GW per GW/um).","true","max_unsaturated_spectral_radiance_gw_um"
"Lei-Kung E","140.2","49.5","13.650679782","2017-03-27/2022-07-05","Juno JIRAM 4.8um","JRM148","Derived from Davies et al. 2024 Supplementary Table S1 using article-level 4.8um radiance-to-thermal-emission scaling (approx. 18 GW per GW/um).","true","max_unsaturated_spectral_radiance_gw_um"
"P171","139.4","30.6","5.609144196","2017-03-27/2022-07-05","Juno JIRAM 4.8um","JRM149","Derived from Davies et al. 2024 Supplementary Table S1 using article-level 4.8um radiance-to-thermal-emission scaling (approx. 18 GW per GW/um).","true","max_unsaturated_spectral_radiance_gw_um"
"Lei-Kung F","139.2","59.8","4.159876266","2017-03-27/2022-07-05","Juno JIRAM 4.8um","JRM150","Derived from Davies et al. 2024 Supplementary Table S1 using article-level 4.8um radiance-to-thermal-emission scaling (approx. 18 GW per GW/um).","true","max_unsaturated_spectral_radiance_gw_um"
"Lei-Kung O","134.4","44.6","0.977764014","2017-03-27/2022-07-05","Juno JIRAM 4.8um","JRM250","Derived from Davies et al. 2024 Supplementary Table S1 using article-level 4.8um radiance-to-thermal-emission scaling (approx. 18 GW per GW/um).","true","max_unsaturated_spectral_radiance_gw_um"
"Wayland Patera","134.3","-32.6","7.264934208","2017-03-27/2022-07-05","Juno JIRAM 4.8um","JRM152","Derived from Davies et al. 2024 Supplementary Table S1 using article-level 4.8um radiance-to-thermal-emission scaling (approx. 18 GW per GW/um).","true","max_unsaturated_spectral_radiance_gw_um"
"PFu1128","130.3","29.7","43.044753582","2017-03-27/2022-07-05","Juno JIRAM 4.8um","JRM153","Derived from Davies et al. 2024 Supplementary Table S1 using article-level 4.8um radiance-to-thermal-emission scaling (approx. 18 GW per GW/um).","true","max_unsaturated_spectral_radiance_gw_um"
"P17","129.2","-4","17.786086884","2017-03-27/2022-07-05","Juno JIRAM 4.8um","JRM154","Derived from Davies et al. 2024 Supplementary Table S1 using article-level 4.8um radiance-to-thermal-emission scaling (approx. 18 GW per GW/um).","true","max_unsaturated_spectral_radiance_gw_um"
"P13","128.9","15.2","81.48254355","2017-03-27/2022-07-05","Juno JIRAM 4.8um","JRM155","Derived from Davies et al. 2024 Supplementary Table S1 using article-level 4.8um radiance-to-thermal-emission scaling (approx. 18 GW per GW/um).","true","max_unsaturated_spectral_radiance_gw_um"
"PFd454","128","-77","3.309911604","2017-03-27/2022-07-05","Juno JIRAM 4.8um","JRM151","Derived from Davies et al. 2024 Supplementary Table S1 using article-level 4.8um radiance-to-thermal-emission scaling (approx. 18 GW per GW/um).","true","max_unsaturated_spectral_radiance_gw_um"
"Lei-Kung I","127.7","44","2.174402682","2017-03-27/2022-07-05","Juno JIRAM 4.8um","JRM156","Derived from Davies et al. 2024 Supplementary Table S1 using article-level 4.8um radiance-to-thermal-emission scaling (approx. 18 GW per GW/um).","true","max_unsaturated_spectral_radiance_gw_um"
"Kami-Nari Patera","125.3","-9","9.817668396","2017-03-27/2022-07-05","Juno JIRAM 4.8um","JRM157","Derived from Davies et al. 2024 Supplementary Table S1 using article-level 4.8um radiance-to-thermal-emission scaling (approx. 18 GW per GW/um).","true","max_unsaturated_spectral_radiance_gw_um"
"Reiden Patera","124.7","-13.4","67.88890098","2017-03-27/2022-07-05","Juno JIRAM 4.8um","JRM158","Derived from Davies et al. 2024 Supplementary Table S1 using article-level 4.8um radiance-to-thermal-emission scaling (approx. 18 GW per GW/um).","true","max_unsaturated_spectral_radiance_gw_um"
"East Girru","124.4","22","192.73583016","2017-03-27/2022-07-05","Juno JIRAM 4.8um","JRM159","Derived from Davies et al. 2024 Supplementary Table S1 using article-level 4.8um radiance-to-thermal-emission scaling (approx. 18 GW per GW/um).","true","max_unsaturated_spectral_radiance_gw_um"
"Girru Patera","120.4","22.5","109.058664744","2017-03-27/2022-07-05","Juno JIRAM 4.8um","JRM160","Derived from Davies et al. 2024 Supplementary Table S1 using article-level 4.8um radiance-to-thermal-emission scaling (approx. 18 GW per GW/um).","true","max_unsaturated_spectral_radiance_gw_um"
"Lei-Kung M","119.5","72.6","5.71563657","2017-03-27/2022-07-05","Juno JIRAM 4.8um","JRM161","Derived from Davies et al. 2024 Supplementary Table S1 using article-level 4.8um radiance-to-thermal-emission scaling (approx. 18 GW per GW/um).","true","max_unsaturated_spectral_radiance_gw_um"
"Llew Patera","117.9","12","19.279607238","2017-03-27/2022-07-05","Juno JIRAM 4.8um","JRM162","Derived from Davies et al. 2024 Supplementary Table S1 using article-level 4.8um radiance-to-thermal-emission scaling (approx. 18 GW per GW/um).","true","max_unsaturated_spectral_radiance_gw_um"
"JRM163","117.8","-35.1","651.02652198","2017-03-27/2022-07-05","Juno JIRAM 4.8um","JRM163","Derived from Davies et al. 2024 Supplementary Table S1 using article-level 4.8um radiance-to-thermal-emission scaling (approx. 18 GW per GW/um).","true","max_unsaturated_spectral_radiance_gw_um"
"Pillan Patera","117.1","-11.5","297.66599478","2017-03-27/2022-07-05","Juno JIRAM 4.8um","JRM164","Derived from Davies et al. 2024 Supplementary Table S1 using article-level 4.8um radiance-to-thermal-emission scaling (approx. 18 GW per GW/um).","true","max_unsaturated_spectral_radiance_gw_um"
"Heiseb Patera","116.2","29.7","12.229369434","2017-03-27/2022-07-05","Juno JIRAM 4.8um","JRM165","Derived from Davies et al. 2024 Supplementary Table S1 using article-level 4.8um radiance-to-thermal-emission scaling (approx. 18 GW per GW/um).","true","max_unsaturated_spectral_radiance_gw_um"
"Olafat Patera","115.9","-62.7","48.905846946","2017-03-27/2022-07-05","Juno JIRAM 4.8um","JRM166","Derived from Davies et al. 2024 Supplementary Table S1 using article-level 4.8um radiance-to-thermal-emission scaling (approx. 18 GW per GW/um).","true","max_unsaturated_spectral_radiance_gw_um"
"Lei-Kung D","113","57.6","3.35172159","2017-03-27/2022-07-05","Juno JIRAM 4.8um","JRM167","Derived from Davies et al. 2024 Supplementary Table S1 using article-level 4.8um radiance-to-thermal-emission scaling (approx. 18 GW per GW/um).","true","max_unsaturated_spectral_radiance_gw_um"
"Chors Patera","110.7","68.2","76.926932298","2017-03-27/2022-07-05","Juno JIRAM 4.8um","JRM168","Derived from Davies et al. 2024 Supplementary Table S1 using article-level 4.8um radiance-to-thermal-emission scaling (approx. 18 GW per GW/um).","true","max_unsaturated_spectral_radiance_gw_um"
"PFu1237","108.9","38.2","27.294673392","2017-03-27/2022-07-05","Juno JIRAM 4.8um","JRM169","Derived from Davies et al. 2024 Supplementary Table S1 using article-level 4.8um radiance-to-thermal-emission scaling (approx. 18 GW per GW/um).","true","max_unsaturated_spectral_radiance_gw_um"
"PV27","105.8","-38.6","1.501839612","2017-03-27/2022-07-05","Juno JIRAM 4.8um","JRM170","Derived from Davies et al. 2024 Supplementary Table S1 using article-level 4.8um radiance-to-thermal-emission scaling (approx. 18 GW per GW/um).","true","max_unsaturated_spectral_radiance_gw_um"
"JRM171","105.8","18.9","3.569542776","2017-03-27/2022-07-05","Juno JIRAM 4.8um","JRM171","Derived from Davies et al. 2024 Supplementary Table S1 using article-level 4.8um radiance-to-thermal-emission scaling (approx. 18 GW per GW/um).","true","max_unsaturated_spectral_radiance_gw_um"
"Lei-Kung K","104.7","75.2","5.645409624","2017-03-27/2022-07-05","Juno JIRAM 4.8um","JRM172","Derived from Davies et al. 2024 Supplementary Table S1 using article-level 4.8um radiance-to-thermal-emission scaling (approx. 18 GW per GW/um).","true","max_unsaturated_spectral_radiance_gw_um"
"Pele","104.3","-19","311.63934438","2017-03-27/2022-07-05","Juno JIRAM 4.8um","JRM173","Derived from Davies et al. 2024 Supplementary Table S1 using article-level 4.8um radiance-to-thermal-emission scaling (approx. 18 GW per GW/um).","true","max_unsaturated_spectral_radiance_gw_um"
"PV197","102.6","-25.7","39.398914764","2017-03-27/2022-07-05","Juno JIRAM 4.8um","JRM174","Derived from Davies et al. 2024 Supplementary Table S1 using article-level 4.8um radiance-to-thermal-emission scaling (approx. 18 GW per GW/um).","true","max_unsaturated_spectral_radiance_gw_um"
"PV32","100.4","37.2","3.920542668","2017-03-27/2022-07-05","Juno JIRAM 4.8um","JRM175","Derived from Davies et al. 2024 Supplementary Table S1 using article-level 4.8um radiance-to-thermal-emission scaling (approx. 18 GW per GW/um).","true","max_unsaturated_spectral_radiance_gw_um"
"PFu1276","96.7","53","15.543664326","2017-03-27/2022-07-05","Juno JIRAM 4.8um","JRM176","Derived from Davies et al. 2024 Supplementary Table S1 using article-level 4.8um radiance-to-thermal-emission scaling (approx. 18 GW per GW/um).","true","max_unsaturated_spectral_radiance_gw_um"
"PV34","96.2","30.9","7.67160513","2017-03-27/2022-07-05","Juno JIRAM 4.8um","JRM177","Derived from Davies et al. 2024 Supplementary Table S1 using article-level 4.8um radiance-to-thermal-emission scaling (approx. 18 GW per GW/um).","true","max_unsaturated_spectral_radiance_gw_um"
"JRM178","95.9","-39.4","15.67466577","2017-03-27/2022-07-05","Juno JIRAM 4.8um","JRM178","Derived from Davies et al. 2024 Supplementary Table S1 using article-level 4.8um radiance-to-thermal-emission scaling (approx. 18 GW per GW/um).","true","max_unsaturated_spectral_radiance_gw_um"
"Shakuru Patera","94.5","23.8","49.438648332","2017-03-27/2022-07-05","Juno JIRAM 4.8um","JRM179","Derived from Davies et al. 2024 Supplementary Table S1 using article-level 4.8um radiance-to-thermal-emission scaling (approx. 18 GW per GW/um).","true","max_unsaturated_spectral_radiance_gw_um"
"Svarog Patera","94.1","-48.1","56.850147648","2017-03-27/2022-07-05","Juno JIRAM 4.8um","JRM180","Derived from Davies et al. 2024 Supplementary Table S1 using article-level 4.8um radiance-to-thermal-emission scaling (approx. 18 GW per GW/um).","true","max_unsaturated_spectral_radiance_gw_um"
"Mithra Patera","93.5","-59.6","19.491255666","2017-03-27/2022-07-05","Juno JIRAM 4.8um","JRM181","Derived from Davies et al. 2024 Supplementary Table S1 using article-level 4.8um radiance-to-thermal-emission scaling (approx. 18 GW per GW/um).","true","max_unsaturated_spectral_radiance_gw_um"
"PV194","91","-54.2","252.09661284","2017-03-27/2022-07-05","Juno JIRAM 4.8um","JRM182","Derived from Davies et al. 2024 Supplementary Table S1 using article-level 4.8um radiance-to-thermal-emission scaling (approx. 18 GW per GW/um).","true","max_unsaturated_spectral_radiance_gw_um"
"JRM183","88.5","-16","4.636567008","2017-03-27/2022-07-05","Juno JIRAM 4.8um","JRM183","Derived from Davies et al. 2024 Supplementary Table S1 using article-level 4.8um radiance-to-thermal-emission scaling (approx. 18 GW per GW/um).","true","max_unsaturated_spectral_radiance_gw_um"
"Babbar Patera","88.4","-39.3","65.58893721","2017-03-27/2022-07-05","Juno JIRAM 4.8um","JRM184","Derived from Davies et al. 2024 Supplementary Table S1 using article-level 4.8um radiance-to-thermal-emission scaling (approx. 18 GW per GW/um).","true","max_unsaturated_spectral_radiance_gw_um"
"Lei-Kung C","88","72.6","31.924434186","2017-03-27/2022-07-05","Juno JIRAM 4.8um","JRM185","Derived from Davies et al. 2024 Supplementary Table S1 using article-level 4.8um radiance-to-thermal-emission scaling (approx. 18 GW per GW/um).","true","max_unsaturated_spectral_radiance_gw_um"
"Daedalus Patera","86.3","19","88.6290687","2017-03-27/2022-07-05","Juno JIRAM 4.8um","JRM186","Derived from Davies et al. 2024 Supplementary Table S1 using article-level 4.8um radiance-to-thermal-emission scaling (approx. 18 GW per GW/um).","true","max_unsaturated_spectral_radiance_gw_um"
"Tabiti Patera","84.7","-7.6","136.822193496","2017-03-27/2022-07-05","Juno JIRAM 4.8um","JRM187","Derived from Davies et al. 2024 Supplementary Table S1 using article-level 4.8um radiance-to-thermal-emission scaling (approx. 18 GW per GW/um).","true","max_unsaturated_spectral_radiance_gw_um"
"PV46","83.3","7","21.400778178","2017-03-27/2022-07-05","Juno JIRAM 4.8um","JRM188","Derived from Davies et al. 2024 Supplementary Table S1 using article-level 4.8um radiance-to-thermal-emission scaling (approx. 18 GW per GW/um).","true","max_unsaturated_spectral_radiance_gw_um"
"PV47","82.4","51.2","2.778417864","2017-03-27/2022-07-05","Juno JIRAM 4.8um","JRM189","Derived from Davies et al. 2024 Supplementary Table S1 using article-level 4.8um radiance-to-thermal-emission scaling (approx. 18 GW per GW/um).","true","max_unsaturated_spectral_radiance_gw_um"
"PV49","80.5","6.6","18.67287438","2017-03-27/2022-07-05","Juno JIRAM 4.8um","JRM190","Derived from Davies et al. 2024 Supplementary Table S1 using article-level 4.8um radiance-to-thermal-emission scaling (approx. 18 GW per GW/um).","true","max_unsaturated_spectral_radiance_gw_um"
"Tiwaz Patera","79.7","-70.5","100.865665044","2017-03-27/2022-07-05","Juno JIRAM 4.8um","JRM191","Derived from Davies et al. 2024 Supplementary Table S1 using article-level 4.8um radiance-to-thermal-emission scaling (approx. 18 GW per GW/um).","true","max_unsaturated_spectral_radiance_gw_um"
"PV52","78.6","16.1","4.722194034","2017-03-27/2022-07-05","Juno JIRAM 4.8um","JRM192","Derived from Davies et al. 2024 Supplementary Table S1 using article-level 4.8um radiance-to-thermal-emission scaling (approx. 18 GW per GW/um).","true","max_unsaturated_spectral_radiance_gw_um"
"PV54","76.9","3.5","9.09502065","2017-03-27/2022-07-05","Juno JIRAM 4.8um","JRM193","Derived from Davies et al. 2024 Supplementary Table S1 using article-level 4.8um radiance-to-thermal-emission scaling (approx. 18 GW per GW/um).","true","max_unsaturated_spectral_radiance_gw_um"
"Ulgen Patera","73","-40.8","588.67573338","2017-03-27/2022-07-05","Juno JIRAM 4.8um","JRM194","Derived from Davies et al. 2024 Supplementary Table S1 using article-level 4.8um radiance-to-thermal-emission scaling (approx. 18 GW per GW/um).","true","max_unsaturated_spectral_radiance_gw_um"
"Hephaestus Patera","70.5","1.4","17.445259944","2017-03-27/2022-07-05","Juno JIRAM 4.8um","JRM195","Derived from Davies et al. 2024 Supplementary Table S1 using article-level 4.8um radiance-to-thermal-emission scaling (approx. 18 GW per GW/um).","true","max_unsaturated_spectral_radiance_gw_um"
"Shurdi Patera","69.5","-38.5","56.822189166","2017-03-27/2022-07-05","Juno JIRAM 4.8um","JRM196","Derived from Davies et al. 2024 Supplementary Table S1 using article-level 4.8um radiance-to-thermal-emission scaling (approx. 18 GW per GW/um).","true","max_unsaturated_spectral_radiance_gw_um"
"Vivasvant Patera","67.2","75.2","401.6805525","2017-03-27/2022-07-05","Juno JIRAM 4.8um","JRM197","Derived from Davies et al. 2024 Supplementary Table S1 using article-level 4.8um radiance-to-thermal-emission scaling (approx. 18 GW per GW/um).","true","max_unsaturated_spectral_radiance_gw_um"
"Xihe","67.1","-58.3","391.92055182","2017-03-27/2022-07-05","Juno JIRAM 4.8um","JRM198","Derived from Davies et al. 2024 Supplementary Table S1 using article-level 4.8um radiance-to-thermal-emission scaling (approx. 18 GW per GW/um).","true","max_unsaturated_spectral_radiance_gw_um"
"Gibil Patera ","65.4","-14.9","17.18372358","2017-03-27/2022-07-05","Juno JIRAM 4.8um","JRM199","Derived from Davies et al. 2024 Supplementary Table S1 using article-level 4.8um radiance-to-thermal-emission scaling (approx. 18 GW per GW/um).","true","max_unsaturated_spectral_radiance_gw_um"
"Purgine Patera","62.8","-2.8","4.947435504","2017-03-27/2022-07-05","Juno JIRAM 4.8um","JRM200","Derived from Davies et al. 2024 Supplementary Table S1 using article-level 4.8um radiance-to-thermal-emission scaling (approx. 18 GW per GW/um).","true","max_unsaturated_spectral_radiance_gw_um"
"Dazhbog Patera","58.7","55.1","63.428421816","2017-03-27/2022-07-05","Juno JIRAM 4.8um","JRM201","Derived from Davies et al. 2024 Supplementary Table S1 using article-level 4.8um radiance-to-thermal-emission scaling (approx. 18 GW per GW/um).","true","max_unsaturated_spectral_radiance_gw_um"
"E Aten","55.4","-49.2","17.737535826","2017-03-27/2022-07-05","Juno JIRAM 4.8um","JRM202","Derived from Davies et al. 2024 Supplementary Table S1 using article-level 4.8um radiance-to-thermal-emission scaling (approx. 18 GW per GW/um).","true","max_unsaturated_spectral_radiance_gw_um"
"Rarog Patera","55","-41","58.46081886","2017-03-27/2022-07-05","Juno JIRAM 4.8um","JRM203","Derived from Davies et al. 2024 Supplementary Table S1 using article-level 4.8um radiance-to-thermal-emission scaling (approx. 18 GW per GW/um).","true","max_unsaturated_spectral_radiance_gw_um"
"Mandulis Patera","54.8","-30.5","21.945084768","2017-03-27/2022-07-05","Juno JIRAM 4.8um","JRM205","Derived from Davies et al. 2024 Supplementary Table S1 using article-level 4.8um radiance-to-thermal-emission scaling (approx. 18 GW per GW/um).","true","max_unsaturated_spectral_radiance_gw_um"
"Mihr Patera","54.8","-16.6","119.951865756","2017-03-27/2022-07-05","Juno JIRAM 4.8um","JRM204","Derived from Davies et al. 2024 Supplementary Table S1 using article-level 4.8um radiance-to-thermal-emission scaling (approx. 18 GW per GW/um).","true","max_unsaturated_spectral_radiance_gw_um"
"Amaterasu Patera","53.6","38.2","186.13818594","2017-03-27/2022-07-05","Juno JIRAM 4.8um","JRM206","Derived from Davies et al. 2024 Supplementary Table S1 using article-level 4.8um radiance-to-thermal-emission scaling (approx. 18 GW per GW/um).","true","max_unsaturated_spectral_radiance_gw_um"
"Loki Patera","51.3","12.7","1229.80143708","2017-03-27/2022-07-05","Juno JIRAM 4.8um","JRM207","Derived from Davies et al. 2024 Supplementary Table S1 using article-level 4.8um radiance-to-thermal-emission scaling (approx. 18 GW per GW/um).","true","max_unsaturated_spectral_radiance_gw_um"
"Kinich Ahau Patera A","49.6","49.3","117.192142404","2017-03-27/2022-07-05","Juno JIRAM 4.8um","JRM208","Derived from Davies et al. 2024 Supplementary Table S1 using article-level 4.8um radiance-to-thermal-emission scaling (approx. 18 GW per GW/um).","true","max_unsaturated_spectral_radiance_gw_um"
"Quzah Fluctus","49","-30.2","111.53206764","2017-03-27/2022-07-05","Juno JIRAM 4.8um","JRM209","Derived from Davies et al. 2024 Supplementary Table S1 using article-level 4.8um radiance-to-thermal-emission scaling (approx. 18 GW per GW/um).","true","max_unsaturated_spectral_radiance_gw_um"
"Heno Patera","48.5","-57.2","91.454680998","2017-03-27/2022-07-05","Juno JIRAM 4.8um","JRM210","Derived from Davies et al. 2024 Supplementary Table S1 using article-level 4.8um radiance-to-thermal-emission scaling (approx. 18 GW per GW/um).","true","max_unsaturated_spectral_radiance_gw_um"
"Mazda Paterae","47.6","-7.7","140.214319956","2017-03-27/2022-07-05","Juno JIRAM 4.8um","JRM211","Derived from Davies et al. 2024 Supplementary Table S1 using article-level 4.8um radiance-to-thermal-emission scaling (approx. 18 GW per GW/um).","true","max_unsaturated_spectral_radiance_gw_um"
"PV93","46.7","63.5","1.681053462","2017-03-27/2022-07-05","Juno JIRAM 4.8um","JRM212","Derived from Davies et al. 2024 Supplementary Table S1 using article-level 4.8um radiance-to-thermal-emission scaling (approx. 18 GW per GW/um).","true","max_unsaturated_spectral_radiance_gw_um"
"Kinich Ahau Patera B","46.6","50.6","12.689775648","2017-03-27/2022-07-05","Juno JIRAM 4.8um","JRM213","Derived from Davies et al. 2024 Supplementary Table S1 using article-level 4.8um radiance-to-thermal-emission scaling (approx. 18 GW per GW/um).","true","max_unsaturated_spectral_radiance_gw_um"
"Upulevo Fluctus","45","-80.2","30.449155356","2017-03-27/2022-07-05","Juno JIRAM 4.8um","JRM214","Derived from Davies et al. 2024 Supplementary Table S1 using article-level 4.8um radiance-to-thermal-emission scaling (approx. 18 GW per GW/um).","true","max_unsaturated_spectral_radiance_gw_um"
"PV98","44.2","27.2","2.269013868","2017-03-27/2022-07-05","Juno JIRAM 4.8um","JRM215","Derived from Davies et al. 2024 Supplementary Table S1 using article-level 4.8um radiance-to-thermal-emission scaling (approx. 18 GW per GW/um).","true","max_unsaturated_spectral_radiance_gw_um"
"PV99","44.2","18.3","3.430177002","2017-03-27/2022-07-05","Juno JIRAM 4.8um","JRM216","Derived from Davies et al. 2024 Supplementary Table S1 using article-level 4.8um radiance-to-thermal-emission scaling (approx. 18 GW per GW/um).","true","max_unsaturated_spectral_radiance_gw_um"
"JRM217","40.8","-28.4","157.530318066","2017-03-27/2022-07-05","Juno JIRAM 4.8um","JRM217","Derived from Davies et al. 2024 Supplementary Table S1 using article-level 4.8um radiance-to-thermal-emission scaling (approx. 18 GW per GW/um).","true","max_unsaturated_spectral_radiance_gw_um"
"PV102","40.6","-48.8","5.5328193","2017-03-27/2022-07-05","Juno JIRAM 4.8um","JRM218","Derived from Davies et al. 2024 Supplementary Table S1 using article-level 4.8um radiance-to-thermal-emission scaling (approx. 18 GW per GW/um).","true","max_unsaturated_spectral_radiance_gw_um"
"PV103","39.7","57.3","12.694268934","2017-03-27/2022-07-05","Juno JIRAM 4.8um","JRM219","Derived from Davies et al. 2024 Supplementary Table S1 using article-level 4.8um radiance-to-thermal-emission scaling (approx. 18 GW per GW/um).","true","max_unsaturated_spectral_radiance_gw_um"
"Manua Patera","38.5","35.6","31.367990988","2017-03-27/2022-07-05","Juno JIRAM 4.8um","JRM220","Derived from Davies et al. 2024 Supplementary Table S1 using article-level 4.8um radiance-to-thermal-emission scaling (approx. 18 GW per GW/um).","true","max_unsaturated_spectral_radiance_gw_um"
"Tol Ava Patera","37.9","1.7","33.528246714","2017-03-27/2022-07-05","Juno JIRAM 4.8um","JRM221","Derived from Davies et al. 2024 Supplementary Table S1 using article-level 4.8um radiance-to-thermal-emission scaling (approx. 18 GW per GW/um).","true","max_unsaturated_spectral_radiance_gw_um"
"Fu1386","37.5","52.6","2.570402268","2017-03-27/2022-07-05","Juno JIRAM 4.8um","JRM222","Derived from Davies et al. 2024 Supplementary Table S1 using article-level 4.8um radiance-to-thermal-emission scaling (approx. 18 GW per GW/um).","true","max_unsaturated_spectral_radiance_gw_um"
"Shoshu Patera","36","-19.3","83.392590222","2017-03-27/2022-07-05","Juno JIRAM 4.8um","JRM223","Derived from Davies et al. 2024 Supplementary Table S1 using article-level 4.8um radiance-to-thermal-emission scaling (approx. 18 GW per GW/um).","true","max_unsaturated_spectral_radiance_gw_um"
"PV110","35.1","-40.7","6.037892568","2017-03-27/2022-07-05","Juno JIRAM 4.8um","JRM224","Derived from Davies et al. 2024 Supplementary Table S1 using article-level 4.8um radiance-to-thermal-emission scaling (approx. 18 GW per GW/um).","true","max_unsaturated_spectral_radiance_gw_um"
"Fuchi Patera","32.7","28.3","88.57817721","2017-03-27/2022-07-05","Juno JIRAM 4.8um","JRM225","Derived from Davies et al. 2024 Supplementary Table S1 using article-level 4.8um radiance-to-thermal-emission scaling (approx. 18 GW per GW/um).","true","max_unsaturated_spectral_radiance_gw_um"
"Fu1479","31.6","72.4","0.71640855","2017-03-27/2022-07-05","Juno JIRAM 4.8um","JRM226","Derived from Davies et al. 2024 Supplementary Table S1 using article-level 4.8um radiance-to-thermal-emission scaling (approx. 18 GW per GW/um).","true","max_unsaturated_spectral_radiance_gw_um"
"Hiruko Patera","31.6","-65.2","11.866425516","2017-03-27/2022-07-05","Juno JIRAM 4.8um","JRM227","Derived from Davies et al. 2024 Supplementary Table S1 using article-level 4.8um radiance-to-thermal-emission scaling (approx. 18 GW per GW/um).","true","max_unsaturated_spectral_radiance_gw_um"
"Huo Shen Patera","31.2","-14.8","3.022388442","2017-03-27/2022-07-05","Juno JIRAM 4.8um","JRM228","Derived from Davies et al. 2024 Supplementary Table S1 using article-level 4.8um radiance-to-thermal-emission scaling (approx. 18 GW per GW/um).","true","max_unsaturated_spectral_radiance_gw_um"
"PV170","30.4","-49.7","28.026920718","2017-03-27/2022-07-05","Juno JIRAM 4.8um","JRM229","Derived from Davies et al. 2024 Supplementary Table S1 using article-level 4.8um radiance-to-thermal-emission scaling (approx. 18 GW per GW/um).","true","max_unsaturated_spectral_radiance_gw_um"
"PV119","28.9","16.9","2.802602412","2017-03-27/2022-07-05","Juno JIRAM 4.8um","JRM230","Derived from Davies et al. 2024 Supplementary Table S1 using article-level 4.8um radiance-to-thermal-emission scaling (approx. 18 GW per GW/um).","true","max_unsaturated_spectral_radiance_gw_um"
"PV126","27.2","9.7","4.768907616","2017-03-27/2022-07-05","Juno JIRAM 4.8um","JRM231","Derived from Davies et al. 2024 Supplementary Table S1 using article-level 4.8um radiance-to-thermal-emission scaling (approx. 18 GW per GW/um).","true","max_unsaturated_spectral_radiance_gw_um"
"Horus Patera","25.4","-7.6","3.017011104","2017-03-27/2022-07-05","Juno JIRAM 4.8um","JRM232","Derived from Davies et al. 2024 Supplementary Table S1 using article-level 4.8um radiance-to-thermal-emission scaling (approx. 18 GW per GW/um).","true","max_unsaturated_spectral_radiance_gw_um"
"PV129","24.5","24.5","27.322266384","2017-03-27/2022-07-05","Juno JIRAM 4.8um","JRM233","Derived from Davies et al. 2024 Supplementary Table S1 using article-level 4.8um radiance-to-thermal-emission scaling (approx. 18 GW per GW/um).","true","max_unsaturated_spectral_radiance_gw_um"
"Surt","22.9","45.3","98.745809814","2017-03-27/2022-07-05","Juno JIRAM 4.8um","JRM234","Derived from Davies et al. 2024 Supplementary Table S1 using article-level 4.8um radiance-to-thermal-emission scaling (approx. 18 GW per GW/um).","true","max_unsaturated_spectral_radiance_gw_um"
"Kanlaon Patera","22.4","-31.3","146.928625452","2017-03-27/2022-07-05","Juno JIRAM 4.8um","JRM235","Derived from Davies et al. 2024 Supplementary Table S1 using article-level 4.8um radiance-to-thermal-emission scaling (approx. 18 GW per GW/um).","true","max_unsaturated_spectral_radiance_gw_um"
"JRM236","19.3","40.8","3.87891261","2017-03-27/2022-07-05","Juno JIRAM 4.8um","JRM236","Derived from Davies et al. 2024 Supplementary Table S1 using article-level 4.8um radiance-to-thermal-emission scaling (approx. 18 GW per GW/um).","true","max_unsaturated_spectral_radiance_gw_um"
"Kava Patera","18.9","-16.9","16.448505696","2017-03-27/2022-07-05","Juno JIRAM 4.8um","JRM237","Derived from Davies et al. 2024 Supplementary Table S1 using article-level 4.8um radiance-to-thermal-emission scaling (approx. 18 GW per GW/um).","true","max_unsaturated_spectral_radiance_gw_um"
"Creidne Patera","18.2","-51.9","379.35493866","2017-03-27/2022-07-05","Juno JIRAM 4.8um","JRM238","Derived from Davies et al. 2024 Supplementary Table S1 using article-level 4.8um radiance-to-thermal-emission scaling (approx. 18 GW per GW/um).","true","max_unsaturated_spectral_radiance_gw_um"
"PV196","17.9","-26.9","27.59033043","2017-03-27/2022-07-05","Juno JIRAM 4.8um","JRM239","Derived from Davies et al. 2024 Supplementary Table S1 using article-level 4.8um radiance-to-thermal-emission scaling (approx. 18 GW per GW/um).","true","max_unsaturated_spectral_radiance_gw_um"
"Inti Patera","12.7","-68.3","17.93682261","2017-03-27/2022-07-05","Juno JIRAM 4.8um","JRM240","Derived from Davies et al. 2024 Supplementary Table S1 using article-level 4.8um radiance-to-thermal-emission scaling (approx. 18 GW per GW/um).","true","max_unsaturated_spectral_radiance_gw_um"
"PFd1293","12.5","44.3","3.741029676","2017-03-27/2022-07-05","Juno JIRAM 4.8um","JRM241","Derived from Davies et al. 2024 Supplementary Table S1 using article-level 4.8um radiance-to-thermal-emission scaling (approx. 18 GW per GW/um).","true","max_unsaturated_spectral_radiance_gw_um"
"PV148","12","9.8","2.597944176","2017-03-27/2022-07-05","Juno JIRAM 4.8um","JRM242","Derived from Davies et al. 2024 Supplementary Table S1 using article-level 4.8um radiance-to-thermal-emission scaling (approx. 18 GW per GW/um).","true","max_unsaturated_spectral_radiance_gw_um"
"PV150","11.7","-2.6","17.016497838","2017-03-27/2022-07-05","Juno JIRAM 4.8um","JRM243","Derived from Davies et al. 2024 Supplementary Table S1 using article-level 4.8um radiance-to-thermal-emission scaling (approx. 18 GW per GW/um).","true","max_unsaturated_spectral_radiance_gw_um"
"Tiermes Patera","9.80000000000001","22.6","5.360714136","2017-03-27/2022-07-05","Juno JIRAM 4.8um","JRM244","Derived from Davies et al. 2024 Supplementary Table S1 using article-level 4.8um radiance-to-thermal-emission scaling (approx. 18 GW per GW/um).","true","max_unsaturated_spectral_radiance_gw_um"
"JRM245","7.60000000000002","31.7","2.531130336","2017-03-27/2022-07-05","Juno JIRAM 4.8um","JRM245","Derived from Davies et al. 2024 Supplementary Table S1 using article-level 4.8um radiance-to-thermal-emission scaling (approx. 18 GW per GW/um).","true","max_unsaturated_spectral_radiance_gw_um"
"Talos Patera","6.10000000000002","-26.2","1.51030008","2017-03-27/2022-07-05","Juno JIRAM 4.8um","JRM246","Derived from Davies et al. 2024 Supplementary Table S1 using article-level 4.8um radiance-to-thermal-emission scaling (approx. 18 GW per GW/um).","true","max_unsaturated_spectral_radiance_gw_um"
"Pfu1063","4.89999999999998","43.4","19.271628936","2017-03-27/2022-07-05","Juno JIRAM 4.8um","JRM247","Derived from Davies et al. 2024 Supplementary Table S1 using article-level 4.8um radiance-to-thermal-emission scaling (approx. 18 GW per GW/um).","true","max_unsaturated_spectral_radiance_gw_um"
"Paive Patera","1.5","-45.7","49.647577986","2017-03-27/2022-07-05","Juno JIRAM 4.8um","JRM248","Derived from Davies et al. 2024 Supplementary Table S1 using article-level 4.8um radiance-to-thermal-emission scaling (approx. 18 GW per GW/um).","true","max_unsaturated_spectral_radiance_gw_um"
